country,country_code,id,populist,year,polity2,EFW,WGI1,WGI2,WGI3,ICRG,VDEMy,VDEM1,VDEM2,VDEM3,VDEM4,VDEM5,VDEM6
Algeria,DZA,1,0,1992,-7,,,,,3.5,8.5,19.200001,54.799999,62.900002,91.800003,54,71.800003
Algeria,DZA,1,0,1993,-7,,,,,3,8.1000004,17.299999,53.5,62.900002,91.800003,54,81.800003
Algeria,DZA,1,0,1994,-7,,,,,3,10.2,17.9,56.299999,62.900002,91.800003,54,76.5
Algeria,DZA,1,0,1995,-3,3.72,,,,3,11.4,18.6,56.299999,62.900002,91.800003,53.700001,73.900002
Algeria,DZA,1,0,1996,-3,,-1.166290163993835,-1.218194842338562,-.5667409300804138,3,15.8,33.099998,56.299999,62.900002,91.800003,51.5,73.900002
Algeria,DZA,1,0,1997,-3,,,,,2.5,15.5,32,56.299999,62.900002,91.800003,53.700001,73.900002
Algeria,DZA,1,0,1998,-3,,-1.244342446327209,-1.198362112045288,-.9166492819786072,2,15.4,31.4,58.099998,62.900002,91.800003,55.400002,73.900002
Algeria,DZA,1,0,1999,-3,,,,,2,16,32.700001,61.299999,50.400002,24,56.099998,81.400002
Algeria,DZA,1,0,2000,-3,4.77,-1.110052227973938,-1.24584436416626,-.9872981905937195,2,16.200001,32.599998,67.5,-62.599998,24,61.900002,81.400002
Algeria,DZA,1,0,2001,-3,4.819815826117202,,,,1.958333373069763,16.200001,32.599998,67.5,-62.599998,24,61.900002,81.400002
Algeria,DZA,1,0,2002,-3,4.833317206901421,-1.044660210609436,-.6367331743240356,-.928754985332489,1.5,16.200001,32.900002,67.5,-62.599998,24,65.5,81.400002
Algeria,DZA,1,0,2003,-3,4.959194365684304,-1.076718091964722,-.6053807735443115,-.715244472026825,1.5,16.299999,33.5,67.5,-62.599998,24,67.900002,81.400002
Algeria,DZA,1,0,2004,2,5.035028770768595,-.8020590543746948,-.6162873506546021,-.6992726922035217,1.5,16.5,33.599998,67.5,-62.599998,24,66.900002,81.400002
Algeria,DZA,1,0,2005,2,5.311575644047801,-.7156859636306763,-.7736445069313049,-.4664204716682434,1.5,16.9,33.700001,67.800003,-62.599998,121.4,66.5,81.400002
Algeria,DZA,1,0,2006,2,5.464665070583122,-.9168755412101746,-.7752045392990112,-.5649625658988953,1.5,16.9,33.700001,67.800003,-62.599998,128.60001,66.5,81.400002
Algeria,DZA,1,0,2007,2,5.360760581415989,-.9841223955154419,-.7918864488601685,-.5923094749450684,1.5,16.700001,33.299999,67.599998,-62.599998,128.60001,65.400002,81.400002
Algeria,DZA,1,0,2008,2,5.251904421834125,-.9797122478485107,-.7677722573280334,-.6334448456764221,1.5,16.5,33,68,-62.599998,128.60001,64.699997,81.400002
Algeria,DZA,1,0,2009,2,5.21985612707893,-1.038418889045715,-.8255668878555298,-.6149382591247559,1.5,16.6,32.799999,67.900002,-62.599998,128.60001,67,81.400002
Algeria,DZA,1,0,2010,2,5.157117331760185,-1.022330760955811,-.8167933821678162,-.5521472692489624,1.916666626930237,16.5,32.5,68.099998,-62.599998,128.60001,67.900002,81.099998
Algeria,DZA,1,0,2011,2,5.020837914399587,-1.00412118434906,-.8453348278999329,-.5726996660232544,2,16.700001,32.799999,67.699997,-62.599998,128.60001,67.900002,81.099998
Algeria,DZA,1,0,2012,2,4.952734714252755,-.9060266017913818,-.8126177191734314,-.5215445160865784,2,16.9,32.700001,68.300003,-62.599998,128.60001,65.800003,80.300003
Algeria,DZA,1,0,2013,2,5.164342507993841,-.8933532238006592,-.6931589841842651,-.4726227819919586,2,17.1,32.700001,68.099998,-62.599998,128.60001,67,79.800003
Algeria,DZA,1,0,2014,2,5.082231525272774,-.8133577108383179,-.804205596446991,-.6126564145088196,2,17.200001,32.599998,68,-62.599998,128.60001,65.400002,79.699997
Algeria,DZA,1,0,2015,2,4.937067164858195,-.8475755453109741,-.9271190166473389,-.616887092590332,2,17.299999,32.599998,67.599998,-62.599998,128.60001,64.699997,79.699997
Australia,AUS,3,0,1992,10,,,,,5,85.099998,89,96.900002,272,82.800003,6.5,.89999998
Australia,AUS,3,0,1993,10,,,,,5,84.900002,88.800003,96.900002,272,82.800003,6.5,.89999998
Australia,AUS,3,0,1994,10,,,,,5,84.900002,88.800003,96.900002,272,82.800003,6.5,.89999998
Australia,AUS,3,0,1995,10,8.16,,,,5,84.900002,88.800003,96.900002,272,97.199997,6.5,.89999998
Australia,AUS,3,0,1996,10,,1.440202951431274,1.713399052619934,1.877355813980103,5,84.900002,88.800003,96.900002,272,73.400002,6.4000001,.89999998
Australia,AUS,3,0,1997,10,,,,,5,84.099998,88.099998,96.900002,272,65.300003,6.4000001,.89999998
Australia,AUS,3,0,1998,10,,1.407491207122803,1.756802797317505,1.798129677772522,5,84.099998,88.099998,96.900002,272,110.5,6.4000001,.89999998
Australia,AUS,3,0,1999,10,,,,,5,84,88,96.900002,272,110.5,6.5,.89999998
Australia,AUS,3,0,2000,10,8.02,1.471305131912231,1.722066879272461,1.862088322639465,5,84.900002,88.800003,96.900002,272,110.5,6.5,.89999998
Australia,AUS,3,0,2001,10,7.945061004410993,,,,4.916666507720947,84.5,88.400002,96.900002,272,110.5,6.5,.89999998
Australia,AUS,3,0,2002,10,7.981723706389576,1.407233238220215,1.767046570777893,1.761436343193054,4.5,83.599998,87.5,96.800003,272,110.5,6.8000002,.89999998
Australia,AUS,3,0,2003,10,8.004056097993118,1.442127823829651,1.842772126197815,1.895287036895752,4.5,83.599998,87.5,96.800003,272,110.5,6.8000002,.89999998
Australia,AUS,3,0,2004,10,7.967630180940408,1.501541972160339,1.795392394065857,2.005868911743164,4.583333492279053,83.599998,87.5,96.800003,272,110.5,6.6999998,.89999998
Australia,AUS,3,0,2005,10,8.097476510251294,1.507055759429932,1.712802410125732,1.942667722702026,5,83.5,87.5,96.800003,272,110.5,6.4000001,.89999998
Australia,AUS,3,0,2006,10,8.169880314296213,1.382794737815857,1.756738543510437,1.950813174247742,4.625,83.5,87.5,96.800003,272,110.5,6.4000001,.89999998
Australia,AUS,3,0,2007,10,8.210060950310663,1.369199991226196,1.743887424468994,2.000872850418091,4.5,83.599998,87.599998,96.800003,272,110.5,6.3000002,.89999998
Australia,AUS,3,0,2008,10,8.153116257723052,1.368076086044312,1.75908350944519,2.027342557907104,4.5,84.699997,88.5,96.800003,272,118.9,5.0999999,.89999998
Australia,AUS,3,0,2009,10,8.135828564441145,1.383790850639343,1.733008742332458,2.041763067245483,4.5,84.699997,88.5,96.800003,272,127,5.0999999,.89999998
Australia,AUS,3,0,2010,10,8.099291906246636,1.419765472412109,1.757718324661255,2.023610830307007,4.875,85.699997,89.5,96.800003,272,127,4.9000001,.80000001
Australia,AUS,3,0,2011,10,8.098490976333668,1.453721046447754,1.733153700828552,2.037909030914307,5,86.099998,89.699997,96.800003,272,79.699997,4.6999998,.80000001
Australia,AUS,3,0,2012,10,8.094040424338328,1.499190330505371,1.759779572486877,1.97750723361969,4.666666507720947,86.099998,89.699997,96.800003,272,127.5,4.6999998,.80000001
Australia,AUS,3,0,2013,10,8.015852067518198,1.436413764953613,1.770102620124817,1.777870297431946,4.5,83.800003,87.699997,95.900002,214.7,122.1,6.8000002,1.5
Australia,AUS,3,0,2014,10,8.110620958410308,1.361743807792664,1.91871964931488,1.849464654922485,4.5,82.800003,86.800003,95.900002,236.60001,122.1,10.8,1.5
Australia,AUS,3,0,2015,10,8.09548360596211,1.355610847473145,1.818711042404175,1.879955172538757,4.5,83.900002,87.900002,96.300003,236.60001,133,10.8,1.5
Austria,AUT,4,0,1992,10,,,,,5,78,86.099998,96.5,104.4,104,14.3,7
Austria,AUT,4,0,1993,10,,,,,5,78,86.099998,96.5,104.4,104,14.1,7
Austria,AUT,4,0,1994,10,,,,,5,77.800003,86,96.5,104.4,104,14.5,7
Austria,AUT,4,0,1995,10,7.66,,,,5,77.400002,85.699997,96.5,104.4,104,11.4,7
Austria,AUT,4,0,1996,10,,1.448950052261353,1.808153033256531,1.732163548469543,5,78,85.900002,96.5,104.4,104,11,7
Austria,AUT,4,0,1997,10,,,,,4.416666507720947,78,85.900002,96.5,104.4,104,8.8000002,7
Austria,AUT,4,0,1998,10,,1.35477888584137,1.803287982940674,1.799379229545593,4,77.800003,85.900002,96.5,104.4,104,8.5,7
Austria,AUT,4,0,1999,10,,,,,4,77.800003,85.900002,96.5,104.4,104,8.5,7
Austria,AUT,4,0,2000,10,7.97,1.317559480667114,1.812332630157471,1.7510586977005,4,78.5,85.900002,96.5,104.4,106.3,8.8000002,6.9000001
Austria,AUT,4,0,2001,10,7.870022058700306,,,,4.5,78.5,85.900002,96.5,104.4,106.3,8.8000002,6.9000001
Austria,AUT,4,0,2002,10,7.902936211367222,1.307496905326843,1.857912659645081,1.915159225463867,5,78.5,85.900002,96.5,104.4,106.3,8.8000002,6.9000001
Austria,AUT,4,0,2003,10,8.004386802585575,1.343882083892822,1.847917437553406,1.963868618011475,5,78.199997,85.800003,96.5,104.4,106.3,8.6999998,6.9000001
Austria,AUT,4,0,2004,10,7.956938889204672,1.475651144981384,1.816664338111877,2.026624441146851,5,78.300003,85.900002,96.5,104.4,106.3,8.3000002,6.9000001
Austria,AUT,4,0,2005,10,7.871076134931175,1.378656506538391,1.847249507904053,1.912423491477966,5,78.400002,85.900002,96.5,104.4,106.3,8.1000004,6.9000001
Austria,AUT,4,0,2006,10,7.874023262720007,1.372684955596924,1.899768829345703,1.904876947402954,5,78.699997,86.300003,96.5,104.4,106.3,8.1000004,6.9000001
Austria,AUT,4,0,2007,10,7.867991478319119,1.369262456893921,1.94182562828064,2.003345251083374,5,80,87.300003,96.5,104.4,153.60001,7.9000001,6.0999999
Austria,AUT,4,0,2008,10,7.791221475028292,1.358464360237122,1.910698890686035,1.828758120536804,5,79.900002,87.199997,96.5,104.4,153.60001,8,6.0999999
Austria,AUT,4,0,2009,10,7.76023876138577,1.392844676971436,1.777442693710327,1.694034099578857,5,79.699997,87.099998,96.5,104.4,153.60001,8.3999996,6.0999999
Austria,AUT,4,0,2010,10,7.772369152907724,1.430290699005127,1.801202654838562,1.596122026443481,5,79.5,86.699997,96.300003,104.4,153.60001,8.1000004,6.0999999
Austria,AUT,4,0,2011,10,7.803721291562408,1.402443647384644,1.798963069915771,1.470289349555969,4.916666507720947,79.199997,86.599998,96.599998,104.4,153.60001,8.1000004,6.0999999
Austria,AUT,4,0,2012,10,7.777856203597364,1.44877302646637,1.857123732566833,1.427254438400269,4.5,79.699997,86.900002,96.599998,104.4,153.60001,8.1000004,6.0999999
Austria,AUT,4,0,2013,10,7.792012661822684,1.456567406654358,1.834038257598877,1.537240982055664,4.5,79.699997,86.900002,96.599998,126.4,153.60001,7.5999999,6.8000002
Austria,AUT,4,0,2014,10,7.835898073493119,1.3913494348526,1.93850040435791,1.46674907207489,4.5,79.599998,86.800003,96.599998,126.4,153.60001,7.9000001,6.8000002
Austria,AUT,4,0,2015,10,7.806285648074104,1.3835529088974,1.842692971229553,1.50879955291748,4.5,79.5,86.800003,96.599998,126.4,153.60001,8.6000004,6.8000002
Belgium,BEL,5,0,1992,10,,,,,5,80.5,87.300003,97,238,189.10001,6.3000002,6.3000002
Belgium,BEL,5,0,1993,10,,,,,5,80.5,87.300003,97,238,189.10001,6.3000002,6.3000002
Belgium,BEL,5,0,1994,10,,,,,5,80.5,87.300003,97,238,189.10001,6.3000002,6.3000002
Belgium,BEL,5,0,1995,10,7.82,,,,4.416666507720947,81,87.900002,97.5,238,189.10001,7.3000002,6.3000002
Belgium,BEL,5,0,1996,10,,1.433299541473389,1.366946697235107,1.359654307365417,4.833333492279053,81.400002,88,97.5,238,99.400002,7.8000002,6
Belgium,BEL,5,0,1997,10,,,,,3.166666746139526,81.400002,88,97.5,238,99.400002,7.8000002,6
Belgium,BEL,5,0,1998,10,,1.342847466468811,1.218205571174622,1.313234090805054,3,81.099998,88,97.5,238,221.60001,7.8000002,6
Belgium,BEL,5,0,1999,10,,,,,3,81.5,88,97.5,238,221.60001,6.6999998,5.5
Belgium,BEL,5,0,2000,10,7.79,1.366504430770874,1.313934087753296,1.446859002113342,3.25,81.900002,88.300003,97.5,238,221.60001,5.8000002,5.5
Belgium,BEL,5,0,2001,10,7.544200905075767,,,,4,81.900002,88.300003,97.5,238,221.60001,5.8000002,5.5
Belgium,BEL,5,0,2002,10,7.725838163386162,1.377452492713928,1.344935655593872,1.457801580429077,4,81.900002,88.300003,97.5,238,221.60001,5.8000002,5.5
Belgium,BEL,5,0,2003,10,7.728730981891208,1.478290319442749,1.331096529960632,1.375112771987915,4,82,88.400002,97.5,238,221.60001,5,5.5
Belgium,BEL,5,0,2004,10,7.689562877637419,1.440266132354736,1.311229825019836,1.360382556915283,4,79.599998,86.199997,97.5,238,221.60001,4.5999999,5.5
Belgium,BEL,5,0,2005,10,7.60986977318804,1.420762181282043,1.257640838623047,1.377162456512451,4,81.099998,87.800003,97.5,238,221.60001,4.5999999,5.5
Belgium,BEL,5,0,2006,10,7.568434084100164,1.342394351959229,1.224599599838257,1.301286578178406,3.708333253860474,81.5,88.199997,97.5,238,221.60001,4.5999999,5.4000001
Belgium,BEL,5,0,2007,8,7.600190700173316,1.360771059989929,1.31538724899292,1.347415328025818,3.5,82.400002,88.5,97.5,238,221.60001,4.5,5.4000001
Belgium,BEL,5,0,2008,8,7.564311104030042,1.324988484382629,1.335205793380737,1.362637519836426,3.5,82.699997,89.099998,97.800003,238,221.60001,4.5,5.4000001
Belgium,BEL,5,0,2009,8,7.518956164088965,1.346692204475403,1.377148151397705,1.45200526714325,5,82.900002,89.099998,97.800003,238,221.60001,4.5,5.1999998
Belgium,BEL,5,0,2010,8,7.630737172023482,1.360686898231506,1.417852520942688,1.473829984664917,5,83.099998,89.5,97.800003,238,221.60001,4.5,5.4000001
Belgium,BEL,5,0,2011,8,7.576299457980632,1.325163245201111,1.43484890460968,1.519928932189941,5,83.5,89.699997,97.800003,238,221.60001,4.5,5.4000001
Belgium,BEL,5,0,2012,8,7.552566896511936,1.349421858787537,1.448809623718262,1.559110403060913,5,83.5,89.699997,97.800003,238,221.60001,4.5,5.4000001
Belgium,BEL,5,0,2013,8,7.577873285376313,1.373045682907104,1.45678973197937,1.604302644729614,5,83.400002,89.599998,97.800003,238,221.60001,4.5,4.8000002
Belgium,BEL,5,0,2014,8,7.803929799172859,1.366366982460022,1.548629999160767,1.512950301170349,4.958333492279053,83.300003,89.599998,97.800003,238,221.60001,4.8000002,4.8000002
Belgium,BEL,5,0,2015,8,7.627131818122339,1.387459874153137,1.483211755752563,1.511199116706848,4.5,83.199997,89.599998,97.800003,238,151.8,5,4.8000002
Bolivia,BOL,6,1,1992,9,,,,,2,47.5,71,82.5,-21.700001,-60.400002,57.400002,35.299999
Bolivia,BOL,6,1,1993,9,,,,,2,48.299999,72,82.5,-21.700001,-60.400002,58.599998,35.299999
Bolivia,BOL,6,1,1994,9,,,,,2.916666746139526,49.400002,73.599998,82.5,-21.700001,-60.400002,55,35
Bolivia,BOL,6,1,1995,9,6.332271468144045,,,,3,50.299999,74.599998,82.5,-21.700001,38.400002,55,35
Bolivia,BOL,6,1,1996,9,,.1555186063051224,-.2615283131599426,-.8248291015625,3,50.299999,74.599998,82.5,-21.700001,5.5999999,55,35
Bolivia,BOL,6,1,1997,9,,,,,3,52.700001,74.599998,82.5,-21.700001,5.5999999,53.099998,29.200001
Bolivia,BOL,6,1,1998,9,,.3537701070308685,-.227260559797287,-.4423923194408417,3,52.599998,74.699997,82.5,-21.700001,35.700001,57,29.200001
Bolivia,BOL,6,1,1999,9,,,,,3,52.900002,75.099998,82.5,-21.700001,35.700001,57,29.200001
Bolivia,BOL,6,1,2000,9,6.98,.1899729073047638,-.3682222068309784,-.4835010766983032,3,53,75.099998,82.5,-21.700001,35.700001,57,29.4
Bolivia,BOL,6,1,2001,9,6.835444733972524,,,,2.916666746139526,52.900002,74.800003,82.5,-21.700001,35.700001,57,29.4
Bolivia,BOL,6,1,2002,9,6.752793036349685,.1403698921203613,-.3781125545501709,-.9408075213432312,2,51.5,73.199997,82.5,-40.299999,5.5999999,50.5,29.4
Bolivia,BOL,6,1,2003,8,6.661444017603029,-.0564173422753811,-.4694690704345703,-.8536185026168823,2,53,73.099998,82.099998,-22.6,-37.5,47.5,30.700001
Bolivia,BOL,6,1,2004,8,6.580994830638367,-.170450285077095,-.6267445683479309,-.8091593384742737,2,54.900002,76.199997,87.300003,-22.6,-71.199997,47.5,29.200001
Bolivia,BOL,6,1,2005,8,6.523485762585675,-.1567104309797287,-.7654248476028442,-.7419790625572205,2,54.099998,75.400002,86.400002,-21.799999,-73.099998,38.700001,30.5
Bolivia,BOL,6,1,2006,8,6.43313458131586,.0764636099338531,-.8537293076515198,-.4311236441135406,2,47,73.199997,82.699997,-53.799999,-199.7,30.299999,38.599998
Bolivia,BOL,6,1,2007,8,6.23784165641471,.0422239750623703,-.832326352596283,-.4021937251091003,2,46.599998,72.699997,82.699997,-53.799999,-233.7,30.299999,38.599998
Bolivia,BOL,6,1,2008,8,6.18592392419413,.0029617075342685,-.9785493016242981,-.5283916592597961,2,46.099998,72.5,82.699997,-53.799999,-241.8,30.299999,39.900002
Bolivia,BOL,6,1,2009,7,6.390625191620979,.0069465842097998,-1.113918900489807,-.6314169764518738,2,44.299999,71.800003,82.699997,-53.799999,-241.8,30.4,44.5
Bolivia,BOL,6,1,2010,7,6.373297619782361,-.0392411425709724,-1.029790163040161,-.4586487114429474,2,41.599998,69.199997,79.400002,-53.799999,-169.7,29.700001,51.799999
Bolivia,BOL,6,1,2011,7,6.314384687506155,-.0682377889752388,-.9840357899665833,-.573696494102478,2,41.200001,68.699997,79.400002,-53.799999,-169.7,29.700001,51.799999
Bolivia,BOL,6,1,2012,7,6.378243737862756,-.0815852954983711,-1.018764019012451,-.7278918623924255,1.666666626930237,40.5,68.099998,78.900002,-53.799999,-144,29.700001,53.400002
Bolivia,BOL,6,1,2013,7,6.385122548366557,-.0689930468797684,-1.050811409950256,-.5877713561058044,1.958333373069763,40.5,66.599998,77.699997,-2.7,-89.5,27.5,51
Bolivia,BOL,6,1,2014,7,6.237316368874565,-.0263046491891146,-1.058175683021545,-.6284220218658447,2,39.700001,65.099998,76.800003,-2.7,-140.89999,29.5,50.400002
Bolivia,BOL,6,1,2015,7,6.098832263414755,-.0046573942527175,-1.151862382888794,-.6941466331481934,2,37.5,61.799999,75.099998,-2.7,-140.89999,32.099998,51.400002
Brazil,BRA,7,0,1992,8,,,,,3.75,72.099998,84.099998,91.400002,-14.4,162.10001,47.299999,10.7
Brazil,BRA,7,0,1993,8,,,,,4,72,84.199997,91.5,.69999999,162.10001,47.299999,10.7
Brazil,BRA,7,0,1994,8,,,,,3.083333253860474,72.400002,84.900002,92.699997,17.9,162.10001,45.400002,10.7
Brazil,BRA,7,0,1995,8,4.690355329949239,,,,3,72.599998,84.900002,92.699997,17.9,162.10001,42.400002,10.7
Brazil,BRA,7,0,1996,8,,.2420769780874252,-.2235022038221359,-.0185795314610004,3,72.800003,84.900002,92.699997,29.4,162.10001,42.400002,10.7
Brazil,BRA,7,0,1997,8,,,,,3,72.800003,84.900002,92.699997,37.5,162.10001,42.400002,10.7
Brazil,BRA,7,0,1998,8,,.3328525722026825,-.2029920816421509,.0414753258228302,3,73,85.099998,92.699997,37.5,162.10001,42.5,10.7
Brazil,BRA,7,0,1999,8,,,,,3,73.5,85.699997,92.699997,37.5,162.10001,42.700001,10.7
Brazil,BRA,7,0,2000,8,6,.3015936017036438,-.2448718547821045,.0132387839257717,3,73.5,85.699997,92.699997,37.5,162.10001,42.700001,10.7
Brazil,BRA,7,0,2001,8,6.041569040987584,,,,2.833333253860474,73.5,85.699997,92.699997,37.5,162.10001,42.700001,10.7
Brazil,BRA,7,0,2002,8,6.353663807979052,.4722380340099335,-.2666113078594208,.0819423124194145,2.166666746139526,73.699997,85.900002,92.800003,37.5,162.10001,33.099998,10.7
Brazil,BRA,7,0,2003,8,6.15617405834322,.4428288638591766,-.3678936660289764,.090239018201828,4,74.099998,85.699997,92.400002,37.5,162.10001,33.299999,10.2
Brazil,BRA,7,0,2004,8,6.29990067610275,.3886094689369202,-.4009201228618622,-.0272687114775181,2.333333253860474,74.099998,85.699997,92.400002,37.5,162.10001,33.299999,10.2
Brazil,BRA,7,0,2005,8,6.382063213239938,.4576795101165771,-.4755314588546753,-.1537481397390366,1.833333373069763,78.400002,87.599998,93.599998,37.5,125.3,33.299999,5.6999998
Brazil,BRA,7,0,2006,8,6.385732807753759,.5000756978988647,-.4026201963424683,-.1204798966646194,1.958333373069763,78.300003,87.599998,93.599998,37.5,125.3,32.5,5.6999998
Brazil,BRA,7,0,2007,8,6.357731022680254,.5370740294456482,-.40977942943573,-.0839887857437134,2,77.599998,87,93,37.5,121.9,30.1,5.6999998
Brazil,BRA,7,0,2008,8,6.502080493498143,.5689857006072998,-.2880447804927826,.0034373681992292,2.333333253860474,77.599998,87,93,37.5,121.9,30.1,5.6999998
Brazil,BRA,7,0,2009,8,6.487543853940169,.521999180316925,-.1038546934723854,-.079985611140728,3,77.599998,87,93,37.5,121.9,30.1,5.6999998
Brazil,BRA,7,0,2010,8,6.657124670118362,.5713489055633545,.0564144365489483,.0438063591718674,3,78.099998,87.199997,93,37.5,121.9,30.6,5.6999998
Brazil,BRA,7,0,2011,8,6.677539005163271,.5136761665344238,.0451417230069637,.1683824211359024,3,78.699997,87.599998,93,37.5,121.9,32,5.5
Brazil,BRA,7,0,2012,8,6.62619930135507,.477906197309494,-.0769327953457832,-.0468542315065861,2.666666746139526,78.300003,87.199997,92.699997,37.5,116.1,32,5.5999999
Brazil,BRA,7,0,2013,8,6.50210731382916,.4174262583255768,-.0918470323085785,-.0976997464895248,2.5,79.099998,87.699997,93.199997,37.5,110.7,32.900002,4.9000001
Brazil,BRA,7,0,2014,8,6.397502506830362,.4719475507736206,-.0527190156280994,-.3657459020614624,2.458333253860474,78.900002,87.599998,93.300003,37.5,96.599998,33.5,5.1999998
Brazil,BRA,7,0,2015,8,6.203460252212587,.4588662683963776,-.1666528880596161,-.4332420527935028,2,78,86.900002,93.099998,37.5,77.199997,33,5.5999999
Canada,CAN,8,0,1992,10,,,,,6,75,82.599998,92.5,268.20001,102.5,10.7,5.6999998
Canada,CAN,8,0,1993,10,,,,,6,74.900002,82.5,92.199997,268.20001,102.5,10.5,5.6999998
Canada,CAN,8,0,1994,10,,,,,6,75.300003,83.099998,92.199997,218.60001,102.5,9.8000002,5.6999998
Canada,CAN,8,0,1995,10,8.02,,,,6,75.300003,83.099998,92.199997,218.60001,102.5,9.8000002,5.6999998
Canada,CAN,8,0,1996,10,,1.566335797309875,1.647254705429077,2.031407594680786,6,75.800003,83.5,93,218.60001,102.5,9.8000002,5.6999998
Canada,CAN,8,0,1997,10,,,,,6,75.900002,83.599998,93,218.60001,102.5,10,5.6999998
Canada,CAN,8,0,1998,10,,1.55141294002533,1.714995384216309,2.034210443496704,6,75.900002,83.599998,93,218.60001,102.5,10.1,5.6999998
Canada,CAN,8,0,1999,10,,,,,6,75.900002,83.599998,93,218.60001,102.5,10.1,5.6999998
Canada,CAN,8,0,2000,10,8.210000000000001,1.531965374946594,1.665486097335815,2.04931902885437,6,75.900002,83.599998,93,218.60001,102.5,8.8999996,5.6999998
Canada,CAN,8,0,2001,10,8.154505253321659,,,,5.833333492279053,75.400002,83.199997,93,218.60001,102.5,9.1000004,5.6999998
Canada,CAN,8,0,2002,10,8.239305188660296,1.499053835868835,1.661396026611328,1.982231497764587,4.5,74.599998,82.400002,93,218.60001,102.5,9.1000004,5.6999998
Canada,CAN,8,0,2003,10,8.264424931157354,1.547556757926941,1.697056531906128,1.931292057037354,4.5,74.599998,82.400002,93,218.60001,102.5,9.1000004,5.6999998
Canada,CAN,8,0,2004,10,8.285497408300884,1.668454527854919,1.687147259712219,1.805866241455078,4.166666507720947,75.099998,82.400002,93,218.60001,102.5,8.1000004,5.9000001
Canada,CAN,8,0,2005,10,8.263390952885114,1.506879448890686,1.650147199630737,1.86970067024231,5.041666507720947,75.099998,82.5,93,218.60001,102.5,7.1999998,5.9000001
Canada,CAN,8,0,2006,10,8.271131974608673,1.415594816207886,1.801083326339722,1.952794551849365,5,75.900002,83.099998,93.300003,218.60001,102.5,6,5.5999999
Canada,CAN,8,0,2007,10,8.227007067861559,1.384671568870544,1.797100186347961,1.990880370140076,5,75.900002,83.099998,93.300003,245.8,102.5,5.9000001,5.5999999
Canada,CAN,8,0,2008,10,8.20760537691296,1.407528519630432,1.796393036842346,1.98772144317627,5,75.699997,82.900002,93.300003,245.8,102.5,5.9000001,5.5999999
Canada,CAN,8,0,2009,10,8.182549285656039,1.401895523071289,1.796726703643799,2.051796674728394,5,75.5,82.900002,93.300003,245.8,102.5,5.8000002,5.5999999
Canada,CAN,8,0,2010,10,8.180331422542864,1.352658748626709,1.798590421676636,2.061873197555542,5,75.699997,82.900002,93.300003,245.8,118.5,5.8000002,5.6999998
Canada,CAN,8,0,2011,10,8.077544413511131,1.380144596099854,1.727119922637939,1.971133470535278,5,74.099998,81.400002,93.300003,245.8,96,5,6
Canada,CAN,8,0,2012,10,8.182401144903533,1.43750536441803,1.756421208381653,1.918904423713684,5,73.400002,80.699997,93.400002,245.8,76.199997,4.5999999,6
Canada,CAN,8,0,2013,10,8.231051217408551,1.453486680984497,1.747499346733093,1.879342555999756,5,73.900002,81,94.099998,261.10001,88.199997,4.9000001,6.1999998
Canada,CAN,8,0,2014,10,8.327886188851487,1.412388205528259,1.886384725570679,1.832427263259888,5,74.099998,81,94.099998,261.10001,43.400002,4.9000001,5.8000002
Canada,CAN,8,0,2015,10,8.18962755717957,1.467146515846252,1.835521459579468,1.884429693222046,5,74.099998,81.300003,93.5,261.10001,128.3,4.9000001,6.0999999
Chile,CHL,9,0,1992,8,,,,,3,75.800003,82.400002,90.900002,113.9,90.800003,20.799999,3.5
Chile,CHL,9,0,1993,8,,,,,3,75.699997,82.300003,90.400002,113.9,90.800003,20.299999,3.5
Chile,CHL,9,0,1994,8,,,,,3,79.5,86.099998,91.400002,113.9,90.800003,13.5,3.5
Chile,CHL,9,0,1995,8,7.601461434370771,,,,3,79.5,86.099998,91.400002,113.9,90.800003,13.5,3.5
Chile,CHL,9,0,1996,8,,.7227606177330017,1.113738179206848,1.454118728637695,3.833333253860474,79.699997,86.099998,91.400002,113.9,90.800003,13.5,3.5
Chile,CHL,9,0,1997,8,,,,,4,79.699997,86.099998,91.400002,113.9,90.800003,13.5,3.5
Chile,CHL,9,0,1998,8,,.6190437078475952,1.097601771354675,1.297507286071777,4,79.900002,86.300003,91.400002,113.9,90.800003,13.9,3.5
Chile,CHL,9,0,1999,8,,,,,4,79.699997,85.900002,90.599998,113.9,90.800003,14,3.5
Chile,CHL,9,0,2000,9,7.51,.8888689875602722,1.260923385620117,1.540218114852905,4,81.599998,88,94.099998,113.9,136.7,14.4,3.5
Chile,CHL,9,0,2001,9,7.653948582974527,,,,4,81.599998,88,94.099998,113.9,136.7,14.3,3.5
Chile,CHL,9,0,2002,9,7.697550410089365,1.08718740940094,1.257240056991577,1.479165315628052,4,81.900002,88.099998,94.400002,113.9,136.7,13.5,3.5
Chile,CHL,9,0,2003,9,7.835035751583469,1.056120157241821,1.177210807800293,1.16710090637207,2.708333253860474,81.900002,88.099998,94.400002,113.9,136.7,13.5,3.5
Chile,CHL,9,0,2004,9,7.805524401125837,1.225285053253174,1.165696740150452,1.305859327316284,2.5,81.900002,88.099998,94.400002,113.9,136.7,13.5,3.5
Chile,CHL,9,0,2005,9,7.849508500189809,1.292520523071289,1.210211038589478,1.416527509689331,4.5,82.5,88,94.199997,113.9,136.7,13.5,3.2
Chile,CHL,9,0,2006,10,7.86856616706647,1.082344770431519,1.181291222572327,1.412561893463135,4.5,83.900002,89.199997,94.699997,113.9,136.7,12,3.2
Chile,CHL,9,0,2007,10,7.971979214885769,1.104882001876831,1.195187568664551,1.345149993896484,4.5,84.099998,89.199997,94.699997,113.9,136.7,11.9,3
Chile,CHL,9,0,2008,10,7.891391515051803,1.013508319854736,1.210357308387756,1.317986845970154,4.5,84.199997,89.199997,94.699997,113.9,136.7,11.9,3
Chile,CHL,9,0,2009,10,7.899391068825151,1.01689624786377,1.194090485572815,1.321234822273254,4.5,83.900002,88.900002,94.199997,113.9,136.7,12,3
Chile,CHL,9,0,2010,10,7.943678393041731,1.095646262168884,1.225415706634521,1.441626906394958,4.5,84.300003,89,94.099998,98.900002,54.599998,11.2,2.5999999
Chile,CHL,9,0,2011,10,7.952225009718719,1.073909163475037,1.263338565826416,1.476592659950256,4.5,84.599998,89.300003,94.599998,98.900002,42.400002,11.1,2.5999999
Chile,CHL,9,0,2012,10,7.859238140405803,1.076945185661316,1.287656784057617,1.543591260910034,4.5,84.699997,89.300003,94.900002,98.900002,42.400002,10,2.5999999
Chile,CHL,9,0,2013,10,7.959218620664666,1.106285452842712,1.255251407623291,1.498959064483643,4.5,85.099998,89.5,95.300003,98.900002,69,11.5,2.2
Chile,CHL,9,0,2014,10,7.93996659515904,1.055939793586731,1.348969459533691,1.441059231758118,4.5,85,89.199997,95.800003,93.099998,171.10001,14.2,2.0999999
Chile,CHL,9,0,2015,10,7.923357887657365,1.00450599193573,1.245769619941711,1.217123627662659,4.5,84.199997,88.800003,94.300003,101.5,171.10001,14.2,2.0999999
Colombia,COL,10,0,1992,9,,,,,3,43.099998,56.099998,74.400002,-9.1000004,28.5,77,12.3
Colombia,COL,10,0,1993,9,,,,,3,43.200001,56.099998,74.400002,-9.1000004,28.5,77,11.6
Colombia,COL,10,0,1994,9,,,,,3,43.200001,56,75.599998,-9.1000004,-44.200001,75.400002,11.6
Colombia,COL,10,0,1995,7,6.263339191564148,,,,3,43.400002,56.200001,76,-9.1000004,-61.700001,72.300003,11.6
Colombia,COL,10,0,1996,7,,-.5109423398971558,-.7518377900123596,-.5122543573379517,2.416666746139526,43.200001,55.400002,74.800003,-9.1000004,-61.700001,72.300003,11.6
Colombia,COL,10,0,1997,7,,,,,1.583333373069763,43,55.400002,74.800003,-9.1000004,-46.099998,72.300003,11.6
Colombia,COL,10,0,1998,7,,-.3441894054412842,-.6629204750061035,-.5237016081809998,1.5,42.200001,54.5,74.800003,-9.1000004,-46.099998,72,11.6
Colombia,COL,10,0,1999,7,,,,,2,41.700001,53.799999,74.099998,-9.1000004,-27,75.599998,11.6
Colombia,COL,10,0,2000,7,6.02,-.4381409585475922,-.9250379204750061,-.4062625169754028,2,42.299999,54.700001,76.5,-9.1000004,-27,75.599998,11.6
Colombia,COL,10,0,2001,7,6.184702196112747,,,,2,42.200001,54.5,76.5,-9.1000004,-27,75.599998,11.6
Colombia,COL,10,0,2002,7,6.299886159359402,-.4163574874401093,-.7490730881690979,-.26433065533638,2.583333253860474,41.900002,53.900002,73.099998,-9.1000004,-114.6,74.699997,12.5
Colombia,COL,10,0,2003,7,6.360927484089731,-.4292424619197845,-.7391175627708435,-.2042863070964813,3,42.299999,53.5,70.400002,-9.1000004,-114.6,71.599998,12.5
Colombia,COL,10,0,2004,7,6.471887598031844,-.3187851309776306,-.6952001452445984,-.1406314522027969,3,42.5,53.799999,71.800003,-9.1000004,-140.8,71.599998,12.5
Colombia,COL,10,0,2005,7,6.478500264121868,-.3225213587284088,-.63308185338974,-.1453893929719925,3,42.900002,54.099998,73.300003,-9.1000004,-140.8,71.599998,11.9
Colombia,COL,10,0,2006,7,6.515791467138753,-.172736719250679,-.5083879232406616,-.1751377880573273,2.833333253860474,44.5,56.299999,73.300003,-9.1000004,-139.7,68.599998,11.5
Colombia,COL,10,0,2007,7,6.580541435834069,-.1653216034173965,-.4329803884029388,-.279160350561142,2.5,45.400002,57.5,73.800003,-9.1000004,-167.89999,67.900002,11.2
Colombia,COL,10,0,2008,7,6.67155432899885,-.1659226268529892,-.3812359869480133,-.2615426182746887,2.583333253860474,45.900002,57.700001,73.800003,-9.1000004,-176.60001,67.900002,11.2
Colombia,COL,10,0,2009,7,6.676643413704129,-.1495776325464249,-.3677775859832764,-.3370125293731689,3,46.099998,58,74.199997,-25.5,-176.60001,67.900002,11.3
Colombia,COL,10,0,2010,7,6.720885759560671,-.1323571801185608,-.2713856101036072,-.4233331084251404,3,49.400002,61.700001,79.599998,-25.5,-102.3,68.199997,11
Colombia,COL,10,0,2011,7,6.77182611508769,-.0597142279148102,-.2173614650964737,-.3175276815891266,3,53.200001,65.199997,84.099998,-25.5,69.5,68.699997,9.1999998
Colombia,COL,10,0,2012,7,6.848094782978711,-.0639913454651833,-.32591912150383,-.4222983419895172,2.666666746139526,53.5,65.599998,84.699997,-25.5,79.099998,68.699997,9.1999998
Colombia,COL,10,0,2013,7,6.782362319411655,-.0812788382172585,-.3879494667053223,-.4410525858402252,2.5,53.700001,66.199997,83.099998,-31.5,70.800003,68.699997,10.8
Colombia,COL,10,0,2014,7,6.629061678479772,-.0433012023568153,-.2519759833812714,-.3971792459487915,2.5,54.400002,67.099998,83.099998,-31.5,70.800003,66.699997,10.7
Colombia,COL,10,0,2015,7,6.621423579617337,.0039394502528012,-.2260532528162003,-.3273145258426666,2.5,54.400002,67.300003,83.699997,-31.5,70.800003,66.5,10.7
Costa Rica,CRI,11,0,1992,10,,,,,5,84.099998,89.199997,96.699997,84.199997,159.39999,29,2.3
Costa Rica,CRI,11,0,1993,10,,,,,5,84.099998,89.199997,96.699997,84.199997,159.39999,29,2.3
Costa Rica,CRI,11,0,1994,10,,,,,5,84.800003,89.5,96.699997,84.199997,159.39999,28.799999,2.2
Costa Rica,CRI,11,0,1995,10,7.274844559585493,,,,5,84.800003,89.5,96.699997,84.199997,159.39999,28.799999,2.2
Costa Rica,CRI,11,0,1996,10,,1.077363610267639,.6181768774986267,.6961424350738525,5,84.900002,89.599998,96.699997,84.199997,159.39999,28.799999,2.2
Costa Rica,CRI,11,0,1997,10,,,,,5,84.300003,89.599998,96.699997,84.199997,159.39999,28.799999,3
Costa Rica,CRI,11,0,1998,10,,1.142669200897217,.6330126523971558,.7560391426086426,5,85,89.900002,96.699997,84.199997,159.39999,29.700001,2.8
Costa Rica,CRI,11,0,1999,10,,,,,5,85,89.900002,96.699997,84.199997,159.39999,22.1,2.8
Costa Rica,CRI,11,0,2000,10,7.61,1.094698905944824,.5370798110961914,.6986085176467896,5,84.900002,89.800003,96.699997,84.199997,167.89999,22.1,2.9000001
Costa Rica,CRI,11,0,2001,10,7.520781724109829,,,,4.5,84.900002,89.800003,96.699997,84.199997,167.89999,22.1,2.9000001
Costa Rica,CRI,11,0,2002,10,7.471727722608371,1.11081862449646,.5549972057342529,.4445715546607971,2.958333253860474,85.300003,90.099998,96.699997,84.199997,167.89999,22.299999,2.9000001
Costa Rica,CRI,11,0,2003,10,7.588901240317055,.9642846584320068,.5268665552139282,.516545832157135,2.5,85.400002,90.099998,96.699997,84.199997,167.89999,22.4,2.9000001
Costa Rica,CRI,11,0,2004,10,7.443353835313633,.9712736010551453,.5029032230377197,.2849179208278656,2.5,85.300003,90.099998,96.5,84.199997,167.89999,22.4,2.9000001
Costa Rica,CRI,11,0,2005,10,7.576094221894979,.816958487033844,.4972636699676514,.3651924729347229,2.166666746139526,85.099998,90.099998,96.5,84.199997,167.89999,22.4,2.9000001
Costa Rica,CRI,11,0,2006,10,7.76461426705967,.9157226085662842,.3897140920162201,.3786513209342957,1.5,85.599998,90.699997,96.5,84.199997,171.7,17.799999,3
Costa Rica,CRI,11,0,2007,10,7.586458177461201,.935347318649292,.3543447554111481,.4571150243282318,2,85.800003,91,96.800003,84.199997,171.7,17.299999,3
Costa Rica,CRI,11,0,2008,10,7.444110542125079,.9667596817016602,.4536893367767334,.4932089745998383,2,85.800003,91,96.800003,84.199997,171.7,17.299999,3
Costa Rica,CRI,11,0,2009,10,7.441346372122794,1.005833625793457,.5788094997406006,.7154701352119446,2,86,91,96.800003,84.199997,171.7,17.299999,2.8
Costa Rica,CRI,11,0,2010,10,7.402208121243213,1.039889454841614,.5357608795166016,.6643916368484497,2,86.300003,91.199997,96.800003,84.199997,171.7,15,2.8
Costa Rica,CRI,11,0,2011,10,7.74330476745259,1.053862690925598,.4432590007781982,.5931735634803772,2,86.400002,91.199997,96.800003,84.199997,171.7,14.7,2.8
Costa Rica,CRI,11,0,2012,10,7.69661683789157,1.08821976184845,.5289114713668823,.5707536935806274,2.333333253860474,86.5,91.099998,96.699997,84.199997,171.7,14.4,2.8
Costa Rica,CRI,11,0,2013,10,7.62964819829112,1.078483462333679,.5638455748558044,.5775526762008667,2.5,85.699997,90.900002,96.5,84.199997,205.7,14,2.8
Costa Rica,CRI,11,0,2014,10,7.588137240721951,1.13837194442749,.5834187865257263,.7256700992584229,2.541666746139526,86.099998,90.800003,96.199997,80.900002,205.7,11.7,2.8
Costa Rica,CRI,11,0,2015,10,7.69909350558558,1.151597261428833,.5148031711578369,.7188564538955688,3,85.900002,90.699997,95.900002,80.900002,205.7,11,2.8
Denmark,DNK,12,0,1992,10,,,,,6,88.300003,90.800003,98.900002,412.70001,179.7,2.9000001,.89999998
Denmark,DNK,12,0,1993,10,,,,,6,88.300003,90.800003,98.900002,412.70001,179.7,2.9000001,.89999998
Denmark,DNK,12,0,1994,10,,,,,6,88.300003,90.800003,98.900002,412.70001,179.7,2.9000001,.89999998
Denmark,DNK,12,0,1995,10,7.9,,,,6,88.199997,90.699997,98.900002,412.70001,179.7,2.8,.89999998
Denmark,DNK,12,0,1996,10,,1.538971781730652,1.82080864906311,2.231307983398438,6,88.199997,90.699997,98.900002,412.70001,179.7,2.8,.89999998
Denmark,DNK,12,0,1997,10,,,,,6,88.199997,90.699997,98.900002,412.70001,179.7,2.8,.89999998
Denmark,DNK,12,0,1998,10,,1.46734094619751,1.837266683578491,2.196660995483398,6,88.099998,90.699997,98.900002,412.70001,179.7,2.9000001,.89999998
Denmark,DNK,12,0,1999,10,,,,,6,88.099998,90.699997,98.900002,412.70001,179.7,3,.89999998
Denmark,DNK,12,0,2000,10,8.039999999999999,1.535965323448181,1.808733463287354,2.32117748260498,6,88.099998,90.699997,98.900002,412.70001,179.7,3,.89999998
Denmark,DNK,12,0,2001,10,7.888868234459077,,,,5.416666507720947,88.199997,90.699997,98.900002,412.70001,179.7,2.9000001,.89999998
Denmark,DNK,12,0,2002,10,7.961355672008385,1.532867908477783,1.882340788841248,2.310651063919067,5.5,88.300003,90.800003,98.900002,412.70001,179.7,2.8,.89999998
Denmark,DNK,12,0,2003,10,8.036382790667449,1.601452231407166,1.92051100730896,2.358764886856079,5.5,88.300003,90.800003,98.900002,412.70001,179.7,2.8,.89999998
Denmark,DNK,12,0,2004,10,8.047789925366169,1.800991773605347,1.930523991584778,2.406824588775635,5.5,88.300003,90.800003,98.900002,412.70001,179.7,2.8,.89999998
Denmark,DNK,12,0,2005,10,7.932104749695268,1.739608883857727,1.936109066009521,2.278205633163452,5.5,89.5,91.900002,98.900002,412.70001,179.7,2.4000001,.89999998
Denmark,DNK,12,0,2006,10,7.995108694848713,1.571636199951172,1.983498930931091,2.459118366241455,5.5,89.599998,92,98.900002,412.70001,179.7,2.3,.89999998
Denmark,DNK,12,0,2007,10,8.007156480022299,1.477704405784607,1.995170474052429,2.434834003448486,5.5,89.599998,92,98.900002,412.70001,179.7,2.4000001,.89999998
Denmark,DNK,12,0,2008,10,7.945778710138569,1.538305997848511,1.954056262969971,2.376408815383911,5.5,89.800003,92.199997,98.900002,412.70001,179.7,2.5999999,.89999998
Denmark,DNK,12,0,2009,10,7.845999841527029,1.538259983062744,1.917127132415771,2.435494422912598,5.5,89.800003,92.199997,98.900002,412.70001,179.7,2.5999999,.89999998
Denmark,DNK,12,0,2010,10,7.929222031714661,1.541956901550293,1.898441791534424,2.352359056472778,5.5,89.800003,92.199997,98.900002,412.70001,179.7,2.5999999,.89999998
Denmark,DNK,12,0,2011,10,7.930630094335865,1.551707029342651,1.919791340827942,2.392884016036987,5.5,89.800003,92.199997,98.800003,412.70001,179.7,2.5,.89999998
Denmark,DNK,12,0,2012,10,7.892856058297598,1.674114227294922,1.875066876411438,2.3824622631073,5.5,89.800003,92.300003,98.900002,412.70001,179.7,2.4000001,.89999998
Denmark,DNK,12,0,2013,10,7.975804946024516,1.666270613670349,1.902293801307678,2.399264097213745,5.5,89.699997,92.300003,98.900002,412.70001,179.7,3.7,.89999998
Denmark,DNK,12,0,2014,10,8.020543430172481,1.524606585502625,2.100876569747925,2.252340316772461,5.5,89.699997,92.300003,98.900002,412.70001,179.7,3.7,.89999998
Denmark,DNK,12,0,2015,10,7.962035756385864,1.552847027778625,2.044954776763916,2.226803302764893,5.5,89.800003,92.199997,98.900002,412.70001,140.5,3.5,.89999998
France,FRA,14,0,1992,10,,,,,6,80.599998,87.699997,96.5,169.3,159.2,4.0999999,6.3000002
France,FRA,14,0,1993,10,,,,,6,80.199997,87.699997,96.5,169.3,73.199997,5.5999999,7.6999998
France,FRA,14,0,1994,10,,,,,5.666666507720947,80.5,87.699997,96.5,169.3,160.10001,6,6.6999998
France,FRA,14,0,1995,10,7.45,,,,4,79.900002,87.400002,95.800003,169.3,160.10001,4.5999999,6.6999998
France,FRA,14,0,1996,10,,1.311158418655396,1.483683347702026,1.247409224510193,4,80.300003,87.699997,96.400002,169.3,160.10001,4.0999999,6.6999998
France,FRA,14,0,1997,10,,,,,4,80.300003,87.699997,96.400002,169.3,230.3,5.1999998,6.6999998
France,FRA,14,0,1998,10,,1.171781659126282,1.364515781402588,1.350772857666016,4,80.300003,87.699997,96.400002,169.3,230.3,6,6.6999998
France,FRA,14,0,1999,10,,,,,3.25,80.300003,87.699997,96.400002,169.3,133.3,6,6.6999998
France,FRA,14,0,2000,10,7.59,1.182986617088318,1.432307481765747,1.321723580360413,3,80.300003,87.699997,96.400002,169.3,231.8,6,6.6999998
France,FRA,14,0,2001,10,7.457769421291255,,,,3,80.300003,87.699997,96.400002,169.3,231.8,6,6.6999998
France,FRA,14,0,2002,10,7.514564927053129,1.154342293739319,1.212872624397278,1.191585183143616,3,80.400002,87.699997,96.400002,169.3,195.3,6.1999998,6.6999998
France,FRA,14,0,2003,10,7.503731976007947,1.122662782669067,1.333288908004761,1.305756092071533,3,80.400002,87.699997,96.400002,169.3,195.3,6.3000002,6.6999998
France,FRA,14,0,2004,10,7.536978238797815,1.456458330154419,1.425192832946777,1.311163783073425,3,80.400002,87.699997,96.400002,169.3,195.3,6.3000002,6.6999998
France,FRA,14,0,2005,10,7.501065512527137,1.476771235466003,1.407830476760864,1.357538223266602,3.5,80.400002,87.699997,96.400002,169.3,195.3,6.3000002,6.6999998
France,FRA,14,0,2006,10,7.506502209507286,1.298722863197327,1.462172865867615,1.455060839653015,3.5,80.400002,87.699997,96.400002,169.3,195.3,6.3000002,6.6999998
France,FRA,14,0,2007,10,7.671774373959347,1.259766817092896,1.456374406814575,1.456001758575439,4.375,80.900002,88,96.099998,169.3,155.2,4.8000002,6.3000002
France,FRA,14,0,2008,10,7.632828759184693,1.304794311523438,1.496273756027222,1.395034790039063,5,81.599998,88.599998,97.099998,169.3,135.3,4.0999999,6.3000002
France,FRA,14,0,2009,10,7.551941857431861,1.244535088539124,1.445757031440735,1.429969310760498,5,81.599998,88.599998,97.099998,169.3,135.3,4.0999999,6.3000002
France,FRA,14,0,2010,10,7.593544043308071,1.202856540679932,1.499731540679932,1.487756133079529,4.791666507720947,81.599998,88.599998,97.099998,169.3,135.3,4.0999999,6.3000002
France,FRA,14,0,2011,10,7.503295304755445,1.170668363571167,1.429734826087952,1.537773251533508,4.5,81.800003,88.900002,97.400002,169.3,95.699997,4.0999999,6.0999999
France,FRA,14,0,2012,10,7.46923137527571,1.238105773925781,1.436932444572449,1.471969485282898,4.5,82.300003,89.300003,97.300003,169.3,222.89999,4.3000002,6.0999999
France,FRA,14,0,2013,10,7.450188030663162,1.219246625900269,1.402337789535522,1.304377317428589,4.125,82.599998,89.5,97.300003,169.3,206.39999,4.4000001,6.1999998
France,FRA,14,0,2014,10,7.569863248758095,1.218186020851135,1.453593969345093,1.288246035575867,4.041666507720947,82.300003,89.300003,97.300003,169.3,206.39999,4.4000001,6.1999998
France,FRA,14,0,2015,10,7.544313913350891,1.206659317016602,1.393072962760925,1.283082008361816,4.5,82.300003,89.300003,97.300003,169.3,206.39999,4.4000001,6.1999998
Germany,DEU,15,0,1992,10,,,,,5.666666507720947,86,89.800003,98.5,276.10001,227.89999,2.0999999,2.2
Germany,DEU,15,0,1993,10,,,,,6,86,89.800003,98.5,276.10001,139.5,2.0999999,2.2
Germany,DEU,15,0,1994,10,,,,,6,86.099998,89.800003,98.5,276.10001,139.5,2.2,2.2
Germany,DEU,15,0,1995,10,8.02,,,,6,86.199997,89.900002,98.5,276.10001,120.9,2.2,2.2
Germany,DEU,15,0,1996,10,,1.328895330429077,1.609529256820679,1.905216813087463,5.583333492279053,86.199997,89.900002,98.5,276.10001,280.60001,2.2,2.2
Germany,DEU,15,0,1997,10,,,,,5,86.199997,89.900002,98.5,276.10001,280.60001,2.2,2.2
Germany,DEU,15,0,1998,10,,1.291888475418091,1.621989488601685,1.997946858406067,5,86.300003,90,98.5,276.10001,280.60001,2.3,2.2
Germany,DEU,15,0,1999,10,,,,,4.916666507720947,86.599998,90.199997,98.5,276.10001,280.60001,2.5,2.2
Germany,DEU,15,0,2000,10,7.9,1.314802050590515,1.609418869018555,1.801545381546021,4,86.599998,90.199997,98.5,276.10001,280.60001,2.5,2.2
Germany,DEU,15,0,2001,10,7.784786997209926,,,,4,86.599998,90.199997,98.5,276.10001,280.60001,2.5,2.2
Germany,DEU,15,0,2002,10,7.839884202626091,1.414031386375427,1.634389877319336,1.88874363899231,4,86.400002,90.099998,98.5,276.10001,280.60001,2.4000001,2.2
Germany,DEU,15,0,2003,10,7.894462212039254,1.413554310798645,1.637584686279297,1.875761389732361,4.208333492279053,85.800003,89.599998,98.5,276.10001,280.60001,2.2,2.2
Germany,DEU,15,0,2004,10,7.86117981897956,1.496040105819702,1.620204448699951,1.840065479278564,4.5,85.800003,89.599998,98.5,276.10001,280.60001,2.2,2.2
Germany,DEU,15,0,2005,10,7.834374625781392,1.485833883285522,1.652198195457458,1.875442266464233,4.541666507720947,86.099998,89.699997,98.5,276.10001,280.60001,2.3,2.2
Germany,DEU,15,0,2006,10,7.801978804233785,1.365230917930603,1.770086169242859,1.793642520904541,5,86.599998,90.099998,98.5,276.10001,280.60001,2.4000001,2.2
Germany,DEU,15,0,2007,10,7.762585851092034,1.336478471755981,1.755590677261353,1.726519346237183,5,86.599998,90.099998,98.5,276.10001,280.60001,2.4000001,2.2
Germany,DEU,15,0,2008,10,7.721484458351645,1.336777806282043,1.734026193618774,1.745895862579346,5,86.599998,90.099998,98.5,276.10001,280.60001,2.4000001,2.2
Germany,DEU,15,0,2009,10,7.755990035449441,1.334960699081421,1.648672223091125,1.746210336685181,5,86.599998,90.099998,98.5,276.10001,280.60001,2.4000001,2.2
Germany,DEU,15,0,2010,10,7.782626988931109,1.297783255577087,1.637504696846008,1.766428828239441,5,86.900002,90.300003,98.5,276.10001,280.60001,2.4000001,2.2
Germany,DEU,15,0,2011,10,7.866319611990906,1.349210739135742,1.618219256401062,1.741949915885925,5,86.900002,90.300003,98.5,276.10001,280.60001,2.4000001,2.2
Germany,DEU,15,0,2012,10,7.840148622460674,1.393738031387329,1.66923201084137,1.817630171775818,5,86.900002,90.300003,98.300003,276.10001,280.60001,2.4000001,2.2
Germany,DEU,15,0,2013,10,7.914165996950755,1.406184077262878,1.642112851142883,1.797943592071533,5,85.599998,89.5,98.300003,276.10001,237,2.5,2.2
Germany,DEU,15,0,2014,10,7.932756142565601,1.43635880947113,1.850373387336731,1.812496542930603,5,84.800003,88.699997,98.300003,276.10001,237,2.8,2.2
Germany,DEU,15,0,2015,10,7.966088258345129,1.422017216682434,1.787933349609375,1.814328670501709,5,84.699997,88.400002,97.900002,276.10001,256.89999,5.1999998,2.2
Guatemala,GTM,16,0,1992,3,,,,,2,21.9,39.200001,47.200001,-157.5,-199.2,57,37.400002
Guatemala,GTM,16,0,1993,3,,,,,2,22.6,39.299999,47.5,-129.60001,-84.300003,57,35.400002
Guatemala,GTM,16,0,1994,3,,,,,2,24.299999,40.700001,53.099998,-129.60001,-14.7,58.299999,32.5
Guatemala,GTM,16,0,1995,3,6.99,,,,2,25.200001,41.799999,54.599998,-129.60001,-14.7,70.800003,31
Guatemala,GTM,16,0,1996,8,,-.2352701276540756,-1.126488208770752,-.85694420337677,3,27.5,46.400002,63.400002,-106.9,-14.7,72.099998,31.1
Guatemala,GTM,16,0,1997,8,,,,,4,29.799999,50.099998,68.300003,-106.9,-14.7,70.900002,33.299999
Guatemala,GTM,16,0,1998,8,,-.195095881819725,-1.04127037525177,-.8661682605743408,4,30,50.099998,68.300003,-106.9,-14.7,70.900002,33.299999
Guatemala,GTM,16,0,1999,8,,,,,4,30.200001,50.299999,68.300003,-129.39999,-14.7,71,32.299999
Guatemala,GTM,16,0,2000,8,6.9,-.2859445214271545,-.8857915997505188,-.830889880657196,4,37.599998,55.299999,77,-153.7,-14.7,72.099998,29.1
Guatemala,GTM,16,0,2001,8,7.118879417608258,,,,3.833333253860474,37.599998,55.299999,77,-153.7,-14.7,72.099998,29.1
Guatemala,GTM,16,0,2002,8,7.232447914411564,-.3586158156394958,-.9908919930458069,-.6600217223167419,1.833333373069763,37.799999,55.299999,77,-153.7,-14.7,72.099998,29.1
Guatemala,GTM,16,0,2003,8,7.286363394520754,-.4836283326148987,-1.100940704345703,-.737127959728241,1.5,37.900002,55.599998,77,-153.7,-14.7,71.599998,29.1
Guatemala,GTM,16,0,2004,8,7.42408003382364,-.3244042694568634,-1.062098503112793,-.6197506189346313,1.5,39.299999,57,77,-92.800003,-14.7,68.699997,29.6
Guatemala,GTM,16,0,2005,8,7.464132379508468,-.3593794107437134,-1.048306941986084,-.6842039227485657,1.5,39.200001,57,77,-92.800003,-14.7,68.699997,29.700001
Guatemala,GTM,16,0,2006,8,7.583713041558658,-.1687895655632019,-1.097761034965515,-.8379027247428894,1.5,39.200001,57,77,-92.800003,-14.7,68.699997,29.700001
Guatemala,GTM,16,0,2007,8,7.580132226124081,-.1712756305932999,-1.12104868888855,-.7693339586257935,1.5,40.099998,57.599998,76.699997,-92.800003,-14.7,70.5,28.200001
Guatemala,GTM,16,0,2008,8,7.51110924818569,-.2018256336450577,-1.122285604476929,-.6666371822357178,1.708333373069763,41,59,77.099998,-92.800003,-14.7,74.300003,28.4
Guatemala,GTM,16,0,2009,8,7.430040738811817,-.2500024139881134,-1.013138294219971,-.5334821343421936,2,41.200001,59.099998,77.300003,-92.800003,-14.7,72.900002,28.4
Guatemala,GTM,16,0,2010,8,7.491688249993106,-.3032835721969604,-.9441238641738892,-.5407844185829163,2,40.900002,58.599998,77.300003,-92.800003,-14.7,73.099998,27.700001
Guatemala,GTM,16,0,2011,8,7.525601376941026,-.3119646310806274,-1.031414747238159,-.5372481942176819,2,40.700001,58.599998,77.300003,-92.800003,-35.099998,73.5,27.9
Guatemala,GTM,16,0,2012,8,7.6243113749024,-.3561386466026306,-1.083919644355774,-.6787625551223755,1.75,39.700001,57.599998,77.199997,-92.800003,-12.4,75.900002,27.6
Guatemala,GTM,16,0,2013,8,7.808643405710586,-.3665427267551422,-1.093928217887878,-.6390106678009033,2,42.200001,57.799999,78.099998,-92.800003,-65.900002,75.900002,21.1
Guatemala,GTM,16,0,2014,8,7.801172162019007,-.3375868499279022,-.9560786485671997,-.7561307549476624,2,42.799999,58.200001,77.400002,-92.800003,-65.900002,75.900002,18.4
Guatemala,GTM,16,0,2015,8,7.826377238286945,-.3463930487632751,-.9361587166786194,-.759712815284729,2,44.799999,59.900002,77.900002,-92.800003,-94,74.300003,16.6
Italy,ITA,17,0,1992,10,,,,,4,75.300003,83.800003,94.5,73.099998,123.5,21.4,10.4
Italy,ITA,17,0,1993,10,,,,,3.166666746139526,75.800003,84.199997,94.5,73.099998,123.5,19.200001,9.6999998
Italy,ITA,17,0,1994,10,,,,,3,75.099998,83.599998,93.900002,73.099998,-118.7,21.799999,10.4
Italy,ITA,17,0,1995,10,7.43,,,,3,75.300003,83.400002,93.900002,73.099998,7.0999999,21.700001,9
Italy,ITA,17,0,1996,10,,1.129290819168091,1.056424021720886,.4078475832939148,3.583333253860474,75.900002,84,93.900002,148.10001,91.900002,21.1,9
Italy,ITA,17,0,1997,10,,,,,4,76.5,84.599998,94.599998,148.10001,74.400002,19.5,9
Italy,ITA,17,0,1998,10,,1.063974499702454,.8018622994422913,.4909624755382538,3.666666746139526,76.5,84.599998,94.599998,148.10001,74.400002,19.5,9
Italy,ITA,17,0,1999,10,,,,,3,76.5,84.599998,94.599998,148.10001,74.400002,19.5,9
Italy,ITA,17,0,2000,10,7.7,1.040719151496887,.8381055593490601,.6994648575782776,3,76.300003,84.400002,94.599998,116.2,74.400002,19.5,9
Italy,ITA,17,0,2001,10,7.607696616781753,,,,2.916666746139526,75,83.5,93.099998,116.2,-67.199997,20.299999,10
Italy,ITA,17,0,2002,10,7.6671104812176,1.038653016090393,.7401419878005981,.5234668254852295,2.5,75.800003,84.099998,91.900002,116.2,-171.89999,20,9
Italy,ITA,17,0,2003,10,7.572612741033983,.9857169985771179,.6884298920631409,.4846064150333405,2.5,76.099998,84.099998,91.900002,116.2,-171.89999,20,8.3999996
Italy,ITA,17,0,2004,10,7.627170060664239,1.177167773246765,.5900039076805115,.3613970279693604,2.458333253860474,76.099998,84.099998,91.900002,116.2,-171.89999,20,8.3999996
Italy,ITA,17,0,2005,10,7.67641300824676,1.057029247283936,.5092430114746094,.4035796523094177,2.5,76.699997,84.800003,91.900002,116.2,-171.89999,20,8.3999996
Italy,ITA,17,0,2006,10,7.562021729434998,1.064523577690125,.3790063858032227,.4772879481315613,2.5,78.599998,85.800003,93.400002,133.60001,-122.7,18.6,7.8000002
Italy,ITA,17,0,2007,10,7.52735844839061,1.111907482147217,.4675481915473938,.3311892449855804,2.5,79,86.5,94.699997,133.60001,70.300003,18.1,8.6999998
Italy,ITA,17,0,2008,10,7.472215031766225,1.032023787498474,.4479214549064636,.2626650631427765,2.5,77.400002,85.699997,93,115.5,-180.5,16.9,9.6999998
Italy,ITA,17,0,2009,10,7.410991702926994,1.034216046333313,.3991454839706421,.1944801658391953,2.5,77.699997,85.5,91.800003,115.5,-206.2,16.4,8.6999998
Italy,ITA,17,0,2010,10,7.574180339436495,.9628263711929321,.4547731876373291,.2834437191486359,2.5,77.800003,85.400002,91.800003,132.60001,-193.2,16.4,8.1000004
Italy,ITA,17,0,2011,10,7.613591789883545,.9118239283561707,.4834428429603577,.2995658218860626,2.5,78.599998,86,92.699997,132.60001,-193.2,17,8.1999998
Italy,ITA,17,0,2012,10,7.614526236451523,.9168092608451843,.4259401559829712,.1720106452703476,2.5,79.599998,87,94.599998,132.60001,34.099998,17.9,8.6999998
Italy,ITA,17,0,2013,10,7.621450048057348,.9542173743247986,.4363671839237213,.0710977539420128,2.5,79.300003,86.599998,94.199997,100.6,101.8,17,8.6999998
Italy,ITA,17,0,2014,10,7.68089026448104,.9992871284484863,.4223777651786804,.0059897620230913,2.5,79.400002,86.699997,94.199997,100.6,56,16.799999,8.6999998
Italy,ITA,17,0,2015,10,7.714874490762736,1.03478991985321,.3111665546894073,.0549735203385353,2.5,79.400002,86.699997,94.199997,100.6,56,16.799999,8.6999998
Japan,JPN,18,0,1992,10,,,,,5,75.300003,84.099998,92.699997,173.89999,252.5,24.1,11.5
Japan,JPN,18,0,1993,10,,,,,5,75.400002,84.099998,92.699997,173.89999,252.5,25,11.5
Japan,JPN,18,0,1994,10,,,,,5,75.900002,84.099998,92.699997,173.89999,252.5,24.6,11.5
Japan,JPN,18,0,1995,10,7.83,,,,5,75.900002,84.099998,92.699997,173.89999,252.5,24.6,11.5
Japan,JPN,18,0,1996,10,,1.072929501533508,1.34782886505127,1.192311882972717,5,75.900002,84.099998,92.699997,173.89999,252.5,24.6,11.5
Japan,JPN,18,0,1997,10,,,,,4.416666507720947,75.800003,84.099998,92.699997,173.89999,252.5,24.9,11.5
Japan,JPN,18,0,1998,10,,.9467864632606506,1.348525166511536,1.06593120098114,2.166666746139526,75.800003,84.099998,92.699997,209.2,252.5,24.9,11.5
Japan,JPN,18,0,1999,10,,,,,2.083333253860474,75.800003,84.099998,92.699997,209.2,252.5,24.9,11.5
Japan,JPN,18,0,2000,10,8.01,.9580879807472229,1.289759159088135,1.229918956756592,3,76.199997,84.199997,92.699997,209.2,252.5,24.700001,10.7
Japan,JPN,18,0,2001,10,7.850098384383398,,,,3.083333253860474,76.300003,84.300003,92.699997,209.2,252.5,19.799999,10.7
Japan,JPN,18,0,2002,10,7.825417456842287,1.014470934867859,1.14855170249939,.9369398355484009,3.5,76.300003,84.300003,92.699997,209.2,252.5,19.799999,10.7
Japan,JPN,18,0,2003,10,8.008408865071583,1.082603693008423,1.163990139961243,1.169873714447021,3.5,76.300003,84.300003,92.699997,209.2,252.5,19.9,10.7
Japan,JPN,18,0,2004,10,7.964612587539773,1.043494582176208,1.249472498893738,1.200011014938354,3.5,76.099998,84.199997,92.699997,209.2,252.5,20.5,10.7
Japan,JPN,18,0,2005,10,7.986674028020481,1.006276965141296,1.224396586418152,1.210124135017395,3.5,76.300003,84.400002,92.699997,209.2,252.5,20.6,10.7
Japan,JPN,18,0,2006,10,7.950052731484762,.954123318195343,1.351525664329529,1.320848703384399,3.5,76.800003,84.800003,92.699997,209.2,252.5,21,10.7
Japan,JPN,18,0,2007,10,7.968117115678756,.9699462652206421,1.319830894470215,1.230227828025818,3,76.800003,84.800003,92.699997,209.2,252.5,21,10.7
Japan,JPN,18,0,2008,10,7.850385494575947,.9488592147827148,1.308669209480286,1.323888540267944,3,76.900002,84.800003,92.699997,209.2,252.5,21,10.7
Japan,JPN,18,0,2009,10,7.720924393630031,1.021053671836853,1.287083029747009,1.369224548339844,3,77.5,85.599998,93.199997,209.2,252.5,19.799999,10.7
Japan,JPN,18,0,2010,10,7.786647671380555,1.04070508480072,1.319658637046814,1.553623199462891,4.25,77.400002,85.699997,93.199997,209.2,252.5,19.799999,10.7
Japan,JPN,18,0,2011,10,7.709050903236464,1.071133375167847,1.303699254989624,1.554375410079956,4.5,77.400002,85.699997,93.199997,209.2,252.5,19.799999,10.7
Japan,JPN,18,0,2012,10,7.773137209749807,1.101295232772827,1.351365804672241,1.618948698043823,4.5,77.199997,85.199997,92.800003,209.2,252.5,20,10.7
Japan,JPN,18,0,2013,10,7.806298173185144,1.109647035598755,1.436062216758728,1.648278474807739,4.5,75.400002,83.400002,88.900002,209.2,252.5,19.1,10.7
Japan,JPN,18,0,2014,10,7.780114976519627,1.036113977432251,1.598023414611816,1.690476179122925,4.5,74.900002,83.400002,88.900002,209.2,252.5,19.1,11.9
Japan,JPN,18,0,2015,10,7.845076709309319,.9880724549293518,1.512890696525574,1.56659734249115,4.5,74.900002,83.199997,88.900002,209.2,252.5,19.5,11.9
Mexico,MEX,19,0,1992,0,,,,,3,21.9,44.099998,61.700001,-64.199997,157,60.900002,63.5
Mexico,MEX,19,0,1993,0,,,,,3,22.4,45.099998,64.199997,-64.199997,157,60.900002,62.099998
Mexico,MEX,19,0,1994,4,,,,,3,26.6,47.200001,67.800003,-56,96,60.700001,50.099998
Mexico,MEX,19,0,1995,4,6.472403560830861,,,,3,28.200001,48.900002,68.699997,-39.099998,183.7,60.299999,45.799999
Mexico,MEX,19,0,1996,4,,-.0423130206763744,-.726646363735199,-.5124286413192749,2.5,29.299999,51.099998,68.699997,-39.099998,183.7,58.799999,40.700001
Mexico,MEX,19,0,1997,6,,,,,2.416666746139526,34.700001,56,68.699997,-14.8,183.7,54.299999,33.900002
Mexico,MEX,19,0,1998,6,,.0627863109111786,-.5321322679519653,-.3899230360984802,3,37.700001,59.900002,68.699997,-14.8,183.7,49.599998,33.900002
Mexico,MEX,19,0,1999,6,,,,,2,37.799999,60.5,68.699997,-14.8,183.7,49.599998,33.900002
Mexico,MEX,19,0,2000,8,6.65,.2584500014781952,-.4265095591545105,-.073860302567482,2.833333253860474,48,66.699997,79.199997,-14.8,183.7,35,21.200001
Mexico,MEX,19,0,2001,8,6.649495242153337,,,,3.416666746139526,48.700001,68.400002,79.199997,-14.8,183.7,32.400002,21.4
Mexico,MEX,19,0,2002,8,6.758395366530801,.3460434675216675,-.3492084145545959,-.2505722641944885,2,49.299999,69.400002,81.400002,-14.8,183.7,32.400002,21.4
Mexico,MEX,19,0,2003,8,6.763789131472668,.3469371199607849,-.3779027163982391,-.2415871322154999,2,50.299999,70.199997,81.400002,-22.6,183.7,33.299999,21
Mexico,MEX,19,0,2004,8,6.855697781056785,.3198276162147522,-.4099104702472687,-.3893348574638367,2,51,71,81.400002,-22.6,183.7,34.099998,21
Mexico,MEX,19,0,2005,8,6.900611706483469,.1980655193328857,-.3829895257949829,-.3441795408725739,2,51,71,81.400002,-22.6,183.7,34.099998,21
Mexico,MEX,19,0,2006,8,6.890153936699557,.150474414229393,-.4725462794303894,-.3251251876354218,2,48.200001,67.5,80.699997,-14,173.10001,38,21
Mexico,MEX,19,0,2007,8,6.821045222212338,.1218990162014961,-.5429322123527527,-.3414573669433594,2,45.400002,64.400002,81.699997,-14,138.89999,41.900002,21.9
Mexico,MEX,19,0,2008,8,6.720782099365903,.1349275708198547,-.689283549785614,-.309849888086319,2,45.599998,64.300003,81.099998,-14,138.89999,41.900002,21.200001
Mexico,MEX,19,0,2009,8,6.662030120496365,.2000328451395035,-.5628688335418701,-.3659601211547852,2.291666746139526,45.5,64.099998,80.699997,-14,98.099998,42.099998,22.200001
Mexico,MEX,19,0,2010,8,6.797605620756261,.1785015761852264,-.5520313382148743,-.4397481381893158,2.5,45.900002,64.900002,80.699997,-14,56.200001,42.299999,20.299999
Mexico,MEX,19,0,2011,8,6.754431751571945,.1216918751597404,-.5498877167701721,-.4747377634048462,2.333333253860474,45.700001,64.699997,80.599998,-14,56.200001,42.299999,20.299999
Mexico,MEX,19,0,2012,8,6.824083155478827,.1127453446388245,-.5351800918579102,-.484527587890625,2,44.900002,64.5,80.199997,-21,56.200001,42.700001,22
Mexico,MEX,19,0,2013,8,6.910688594427752,.1083922982215881,-.5491498708724976,-.5915202498435974,2,41.599998,61.799999,77.5,-61.799999,189.7,46.5,24
Mexico,MEX,19,0,2014,8,7.002971175088815,.0003314840141684,-.4063674807548523,-.8426499962806702,1.916666626930237,41.700001,61.799999,77.800003,-61.799999,156.89999,46.5,24
Mexico,MEX,19,0,2015,8,7.070744884660887,-.0753471404314041,-.4349987804889679,-.8676990270614624,1.5,41.799999,63.599998,80.699997,-61.799999,156.89999,48.299999,25
Netherlands,NLD,20,0,1992,10,,,,,6,81.5,86.300003,96.099998,211.10001,171.5,2.3,3.3
Netherlands,NLD,20,0,1993,10,,,,,6,81.5,86.300003,96.099998,211.10001,171.5,2.3,3.3
Netherlands,NLD,20,0,1994,10,,,,,6,81.400002,86.099998,96.099998,211.10001,171.5,2.3,3.3
Netherlands,NLD,20,0,1995,10,7.88,,,,6,81.400002,86.099998,96.099998,211.10001,171.5,2.3,3.3
Netherlands,NLD,20,0,1996,10,,1.557145357131958,1.695256948471069,2.081897735595703,6,81.400002,86.099998,96.099998,211.10001,171.5,2.3,3.3
Netherlands,NLD,20,0,1997,10,,,,,6,81,85.599998,96.099998,211.10001,171.5,2.3,3.3
Netherlands,NLD,20,0,1998,10,,1.562134027481079,1.742527723312378,2.08959698677063,6,79.900002,84.800003,95.599998,211.10001,171.5,2.4000001,3.3
Netherlands,NLD,20,0,1999,10,,,,,6,81.699997,86.5,95.599998,211.10001,171.5,2.4000001,3.3
Netherlands,NLD,20,0,2000,10,7.95,1.5439612865448,1.744530320167542,2.138006687164307,6,80.800003,85.599998,95.599998,211.10001,171.5,2.4000001,3.3
Netherlands,NLD,20,0,2001,10,7.798801404155905,,,,5.833333492279053,80.800003,85.599998,95.599998,211.10001,171.5,2.4000001,3.3
Netherlands,NLD,20,0,2002,10,7.800719046266977,1.469413995742798,1.7072594165802,2.06836199760437,5,80.400002,85.199997,94.800003,211.10001,127.2,2.5,3.3
Netherlands,NLD,20,0,2003,10,7.826868197511422,1.526794910430908,1.709473133087158,1.995902895927429,5,81.300003,86.099998,95.699997,211.10001,127.2,2.5,3.3
Netherlands,NLD,20,0,2004,10,7.83588490393695,1.696608304977417,1.738020300865173,1.975515484809875,5,81.300003,86.199997,95.699997,211.10001,127.2,2.5,3.3
Netherlands,NLD,20,0,2005,10,7.850550669045712,1.666020035743713,1.752622842788696,1.960848689079285,5,81.300003,86.199997,95.699997,211.10001,127.2,2.5,3.3
Netherlands,NLD,20,0,2006,10,7.780352437294698,1.539821028709412,1.76974618434906,2.040526151657104,5,81.800003,86.599998,95.699997,211.10001,127.2,2.4000001,3.2
Netherlands,NLD,20,0,2007,10,7.848636364597051,1.523433327674866,1.769875288009644,2.159472227096558,5,82.599998,87.199997,95.699997,211.10001,127.2,1.8,3.2
Netherlands,NLD,20,0,2008,10,7.792888333582889,1.483085513114929,1.749629139900208,2.102768421173096,5,82.599998,87.199997,95.699997,211.10001,127.2,1.8,3.2
Netherlands,NLD,20,0,2009,10,7.658981751390544,1.464387774467468,1.80702006816864,2.124158620834351,5,82.599998,87.199997,95.699997,211.10001,127.2,1.8,3.2
Netherlands,NLD,20,0,2010,10,7.703728436573051,1.450568914413452,1.811732053756714,2.090060710906982,5,82.699997,87.300003,95.800003,211.10001,127.2,2.4000001,3.2
Netherlands,NLD,20,0,2011,10,7.749411909755791,1.537047743797302,1.812573432922363,2.081398010253906,5,82.800003,87.400002,95.800003,211.10001,127.2,2.4000001,2.8
Netherlands,NLD,20,0,2012,10,7.725170816300595,1.60558545589447,1.852681756019592,2.090583324432373,5,82.300003,86.900002,95.5,211.10001,127.2,2.3,2.8
Netherlands,NLD,20,0,2013,10,7.706160571453623,1.566972613334656,1.825339913368225,2.016783475875854,5,82.300003,87.099998,95.699997,211.10001,127.2,1.9,2.8
Netherlands,NLD,20,0,2014,10,7.81830497185158,1.547310829162598,1.973513007164001,1.96069610118866,5,83,87.900002,95.699997,211.10001,127.2,1.9,2.8
Netherlands,NLD,20,0,2015,10,7.853608277953772,1.561163306236267,1.936329960823059,1.872336745262146,5,83,87.900002,95.699997,211.10001,150.89999,1.9,2.8
Nigeria,NGA,22,0,1992,-5,,,,,2,11,22.9,63.200001,-190.8,-86.699997,82.800003,72.199997
Nigeria,NGA,22,0,1993,-7,,,,,2,15.5,23.799999,63.200001,-190.8,-86.699997,84.5,61.400002
Nigeria,NGA,22,0,1994,-7,,,,,2,9.8000002,19.9,63.200001,-190.8,-86.699997,84.300003,61.400002
Nigeria,NGA,22,0,1995,-6,3.59,,,,2,9.6000004,19.5,61.900002,-190.8,-86.699997,84.300003,61.400002
Nigeria,NGA,22,0,1996,-6,,-1.553701519966125,-1.289722919464111,-1.189008593559265,2,9.3999996,19.5,61.900002,-190.8,-86.699997,84.300003,61.400002
Nigeria,NGA,22,0,1997,-6,,,,,2,9.6000004,20.4,61.900002,-190.8,-86.699997,84.300003,61.400002
Nigeria,NGA,22,0,1998,-1,,-1.080581784248352,-1.189121246337891,-1.16061270236969,1.5,10.6,22.5,68.099998,-190.8,-86.699997,83.800003,61.400002
Nigeria,NGA,22,0,1999,4,,,,,1,24.700001,38.400002,86.800003,-239.89999,-86.699997,81,54.799999
Nigeria,NGA,22,0,2000,4,5.1,-.4812312722206116,-1.160920023918152,-1.324634432792664,1,33.099998,48.099998,86.800003,-239.89999,-86.699997,81,40.400002
Nigeria,NGA,22,0,2001,4,5.099256249285628,,,,1,33.099998,48.099998,86.800003,-239.89999,-86.699997,81,40.400002
Nigeria,NGA,22,0,2002,4,5.492480997846159,-.6342687606811523,-1.495899796485901,-1.502067565917969,1,33.099998,48.099998,86.800003,-239.89999,-86.699997,81,40.400002
Nigeria,NGA,22,0,2003,4,5.562776292710061,-.6622274518013,-1.512510061264038,-1.417653799057007,1,30.700001,43.700001,86.800003,-239.89999,-86.699997,83.199997,40.400002
Nigeria,NGA,22,0,2004,4,5.678476300317825,-.7967615723609924,-1.439663052558899,-1.383372902870178,1,29.799999,42.099998,86.800003,-239.89999,-86.699997,84,40.400002
Nigeria,NGA,22,0,2005,4,6.260568935173245,-.8689433336257935,-1.354215979576111,-1.18077552318573,1.333333373069763,29.799999,42.099998,86.800003,-239.89999,-86.699997,84,40.400002
Nigeria,NGA,22,0,2006,4,6.470366768541766,-.6232978105545044,-1.075395941734314,-1.126394391059875,1.5,30,42.299999,86.800003,-239.89999,-86.699997,84,40.400002
Nigeria,NGA,22,0,2007,4,6.381697633451564,-.760439932346344,-1.061052680015564,-1.066939830780029,1.5,30.1,41.5,86.900002,-239.89999,-76.099998,84.800003,37.700001
Nigeria,NGA,22,0,2008,4,6.141674163225455,-.7356038093566895,-1.038304805755615,-.9009489417076111,1.5,30.299999,41.599998,87.199997,-239.89999,-76.099998,84.900002,36.400002
Nigeria,NGA,22,0,2009,4,6.03092297627549,-.8488632440567017,-1.156107783317566,-1.041885852813721,1.5,30.4,41.599998,87.199997,-239.89999,-76.099998,86,36.400002
Nigeria,NGA,22,0,2010,4,6.174372589558635,-.7770814299583435,-1.158836245536804,-1.051508545875549,1.5,31.5,43.099998,89.300003,-249.60001,-76.099998,86.199997,33.400002
Nigeria,NGA,22,0,2011,4,6.493131682114951,-.7134110331535339,-1.178838729858398,-1.189361453056335,1.5,35.5,49.400002,89.199997,-249.60001,-76.099998,81.300003,33.700001
Nigeria,NGA,22,0,2012,4,6.420194754142036,-.7002198696136475,-1.138828754425049,-1.175933241844177,1.5,36.599998,51.400002,89.300003,-249.60001,-76.099998,79.5,33.5
Nigeria,NGA,22,0,2013,4,6.649606843166484,-.6930282115936279,-1.120073914527893,-1.226869225502014,1.5,38.799999,53.200001,89.800003,-242.2,-48,76.900002,29
Nigeria,NGA,22,0,2014,4,6.652069549477206,-.5871560573577881,-1.055568933486938,-1.283503890037537,1.5,39.200001,53.900002,89.800003,-242.2,-48,76.900002,28.9
Nigeria,NGA,22,0,2015,7,6.625905815038008,-.3726137578487396,-.9674665331840515,-1.070220828056335,1.5,40.900002,56.799999,88.300003,-204.89999,-48,78.199997,28.299999
Paraguay,PRY,23,0,1992,7,,,,,3,35,48.099998,65.199997,-250.39999,88.300003,82.099998,34.5
Paraguay,PRY,23,0,1993,7,,,,,2.166666746139526,37.099998,51.799999,67.699997,-250.39999,-98.300003,82.099998,32.299999
Paraguay,PRY,23,0,1994,7,,,,,2,38.099998,52.400002,68.5,-250.39999,-98.300003,82,32
Paraguay,PRY,23,0,1995,7,6.792263083451203,,,,2,38.099998,52.400002,68.5,-250.39999,-98.300003,82,32
Paraguay,PRY,23,0,1996,7,,-.1223915368318558,-.6635625958442688,-1.166014671325684,2,38.5,52.900002,68.5,-250.39999,-98.300003,82,32
Paraguay,PRY,23,0,1997,7,,,,,2,38.799999,53.5,68.5,-250.39999,-98.300003,82,30.5
Paraguay,PRY,23,0,1998,6,,-.2511170506477356,-.8341107964515686,-1.32642936706543,2,39.099998,54.099998,68.5,-250.39999,-98.300003,81.400002,30.5
Paraguay,PRY,23,0,1999,7,,,,,2,39.299999,54.400002,68.5,-250.39999,-98.300003,81,31.5
Paraguay,PRY,23,0,2000,7,6.87,-.5065258741378784,-.9894211888313293,-1.37370228767395,2,39.599998,54.400002,69.900002,-170.8,-98.300003,81,31.5
Paraguay,PRY,23,0,2001,7,6.963380602641587,,,,1.833333373069763,39.599998,54.400002,69.900002,-170.8,-98.300003,81,31.5
Paraguay,PRY,23,0,2002,7,6.845005224516539,-.4563484787940979,-1.123306632041931,-1.365068435668945,1,39.599998,54.400002,69.900002,-170.8,-98.300003,81,31.5
Paraguay,PRY,23,0,2003,8,6.804878641286777,-.400354266166687,-1.052339792251587,-1.436838865280151,1,41.5,57.299999,69.900002,-127,-98.300003,74.699997,31.5
Paraguay,PRY,23,0,2004,8,6.845088389634353,-.4745936095714569,-.981866180896759,-1.426462888717651,1,43.599998,60.299999,74.300003,-127,-98.300003,75.099998,31.5
Paraguay,PRY,23,0,2005,8,6.960398638044124,-.3958210349082947,-.9634283185005188,-1.355833053588867,1,43.5,60.299999,74.300003,-127,-98.300003,75.099998,32
Paraguay,PRY,23,0,2006,8,6.905697063776612,-.2569093704223633,-.9710960388183594,-1.161531209945679,1,43.900002,60.299999,74.300003,-127,-98.300003,75.099998,30.1
Paraguay,PRY,23,0,2007,8,6.90034053203276,-.1649585068225861,-.9645143151283264,-1.21103572845459,1,45.299999,60.299999,74.300003,-127,-98.300003,75.099998,25.6
Paraguay,PRY,23,0,2008,8,7.006590851857493,-.1157366931438446,-.9108352065086365,-.9796935319900513,1,49.799999,62.5,79.800003,-68.400002,-87.699997,74.5,18.799999
Paraguay,PRY,23,0,2009,8,7.039532340540463,-.1345776915550232,-.857977032661438,-.788950502872467,1,50.900002,64,81.400002,-68.400002,-87.699997,72.699997,18.799999
Paraguay,PRY,23,0,2010,8,7.106861353782594,-.0789327323436737,-.8304114937782288,-.7075933814048767,1.375,51.299999,64.5,81.699997,-68.400002,-87.699997,72.699997,18.799999
Paraguay,PRY,23,0,2011,8,7.196263492294338,-.0832900106906891,-.8000113368034363,-.6956357359886169,1.5,50.700001,63.400002,81.599998,-68.400002,-87.699997,72,19.1
Paraguay,PRY,23,0,2012,8,7.101464222234195,-.1137369051575661,-.8108205199241638,-.8506028056144714,1.5,48.700001,61.5,78.400002,-107.6,-87.699997,74.800003,19.200001
Paraguay,PRY,23,0,2013,9,7.084581309898693,-.1049389988183975,-.7669090032577515,-1.047778010368347,1.5,41.200001,59.200001,71.900002,-123.9,-52.799999,74.5,33.900002
Paraguay,PRY,23,0,2014,9,7.016640988991083,-.1028278917074203,-.6041939258575439,-1.010692000389099,1.625,42.200001,60.200001,73.099998,-123.9,-52.799999,73.699997,33.900002
Paraguay,PRY,23,0,2015,9,7.043674339090347,-.0699239894747734,-.6255900859832764,-.9986308217048645,2,41.700001,58.799999,73.300003,-129.89999,-52.799999,75.300003,32.700001
Peru,PER,24,0,1992,-4,,,,,3,11.6,25.299999,44.700001,-76.599998,-398.70001,63.200001,70.900002
Peru,PER,24,0,1993,-1,,,,,3,9.8999996,25.799999,38.099998,-76.599998,-243,63.299999,85
Peru,PER,24,0,1994,-1,,,,,3,9.8999996,25.4,33.299999,-76.599998,-243,63.299999,85
Peru,PER,24,0,1995,-1,6.447788331071913,,,,3,9.6999998,24.6,33.299999,-76.599998,-243,68,85
Peru,PER,24,0,1996,-1,,-.5295026898384094,-.6967245936393738,-.3988855481147766,3,13.6,37.5,38.299999,-76.599998,-172,69.800003,84.699997
Peru,PER,24,0,1997,-1,,,,,3,13.3,37.5,38.299999,-76.599998,-172,69.800003,84.699997
Peru,PER,24,0,1998,-1,,-.6383169889450073,-.7386376857757568,-.4331635236740112,3,12.7,36.299999,33.299999,-76.599998,-172,69.800003,86.099998
Peru,PER,24,0,1999,-1,,,,,3,12.7,36.299999,33.299999,-76.599998,-172,69.800003,86.099998
Peru,PER,24,0,2000,4,7.46,-.3702260553836823,-.7180467247962952,-.4040461778640747,3.083333253860474,19.5,43.200001,69.5,-76.599998,-172,65.800003,76.900002
Peru,PER,24,0,2001,9,7.675940223680655,,,,3.666666746139526,57.599998,73.599998,93.699997,-76.599998,-99.199997,61.400002,14.6
Peru,PER,24,0,2002,9,7.753059721052248,.2229372411966324,-.5579220652580261,-.3064047396183014,2,66.300003,80,93.699997,-76.599998,-63.900002,60.599998,11.7
Peru,PER,24,0,2003,9,7.732664526843701,.0786488428711891,-.5886569023132324,-.1548545360565186,2.416666746139526,66.800003,80,93.699997,-76.599998,-63.900002,60.599998,11.2
Peru,PER,24,0,2004,9,7.729541292180789,-.1345295161008835,-.5454220771789551,-.4299869239330292,2.5,66.800003,79.900002,93.599998,-76.599998,-63.900002,60.599998,11.2
Peru,PER,24,0,2005,9,7.685377923401059,-.013819258660078,-.7007879018783569,-.3673710525035858,2.5,67.099998,79.900002,93.599998,-76.599998,-63.900002,60.599998,10
Peru,PER,24,0,2006,9,7.646726185895984,.0919348746538162,-.70465487241745,-.2215621471405029,2.5,66,79.599998,91.900002,-76.699997,-94.099998,60,11.2
Peru,PER,24,0,2007,9,7.6167821369791,.1083569899201393,-.7516261339187622,-.2725561559200287,2.5,64.5,79.300003,91.5,-99.099998,-126.4,60.099998,12.7
Peru,PER,24,0,2008,9,7.701029400056919,.1521347463130951,-.7303355932235718,-.2068743407726288,2.5,64.900002,79.599998,92,-99.099998,-153.10001,60.099998,12.7
Peru,PER,24,0,2009,9,7.702224532203661,.0834904238581657,-.6242668032646179,-.3325398862361908,2.5,64.699997,79.599998,91.900002,-99.099998,-153.10001,60.099998,12.7
Peru,PER,24,0,2010,9,7.806907852095918,.1111247837543488,-.5660995244979858,-.253887414932251,2.5,65.599998,79.800003,92,-104.9,-120.1,62.799999,12.5
Peru,PER,24,0,2011,9,7.826345705521474,.1312396079301834,-.5808256864547729,-.2439677268266678,2.5,67.099998,80.699997,92.099998,-69.5,-149.39999,60.799999,12.1
Peru,PER,24,0,2012,9,7.743300244742374,.1142629310488701,-.58197021484375,-.4040696322917938,2.166666746139526,68.099998,81.199997,93,-69.5,-90.300003,60.099998,10.8
Peru,PER,24,0,2013,9,7.706481685602467,.0847850143909454,-.5741299390792847,-.4606383144855499,2,67.900002,81.199997,91.699997,-100.6,14.6,60.099998,11.4
Peru,PER,24,0,2014,9,7.733669837790553,.1925341933965683,-.5222205519676208,-.5995893478393555,2,67.900002,81.400002,91.5,-100.6,14.6,60.900002,11.4
Peru,PER,24,0,2015,9,7.755394582884722,.2273812592029572,-.4798660278320313,-.5806302428245544,2,67.5,80.300003,93.300003,-94.400002,14.6,60.799999,11.4
Portugal,PRT,25,0,1992,10,,,,,5,80.900002,86.199997,97.300003,111.2,181.5,7.5999999,4
Portugal,PRT,25,0,1993,10,,,,,5,80.900002,86.199997,97.300003,111.2,181.5,7.5999999,4
Portugal,PRT,25,0,1994,10,,,,,5,80.900002,86.199997,97.300003,111.2,181.5,7.5999999,4
Portugal,PRT,25,0,1995,10,7.39,,,,4.583333492279053,81.199997,86.5,97.300003,111.2,181.5,7.5999999,4
Portugal,PRT,25,0,1996,10,,1.49763286113739,1.2862948179245,1.37154483795166,4.583333492279053,82,87.300003,97.300003,133.39999,191.5,7.4000001,4
Portugal,PRT,25,0,1997,10,,,,,5,82,87.300003,97.300003,133.39999,191.5,7.4000001,4
Portugal,PRT,25,0,1998,10,,1.434567332267761,1.242640018463135,1.25270414352417,5,82,87.300003,97.300003,133.39999,191.5,7.4000001,4
Portugal,PRT,25,0,1999,10,,,,,5,82.099998,87.300003,97.300003,133.39999,191.5,7.5,4
Portugal,PRT,25,0,2000,10,7.59,1.357868313789368,1.200192928314209,1.148266553878784,5,82.199997,87.400002,97.300003,133.39999,191.5,7.8000002,4
Portugal,PRT,25,0,2001,10,7.48397871054019,,,,4.5,82.599998,87.699997,97.300003,133.39999,191.5,4.0999999,4
Portugal,PRT,25,0,2002,10,7.584730074677518,1.304545402526855,1.307514071464539,1.218020081520081,3.5,83.099998,88.300003,97.300003,133.39999,191.5,4.4000001,3.2
Portugal,PRT,25,0,2003,10,7.565980919774512,1.409579992294312,1.276252508163452,1.119102358818054,3.5,83.099998,88.300003,97.300003,133.39999,191.5,4.5,3.2
Portugal,PRT,25,0,2004,10,7.60559592578871,1.464911222457886,1.233051419258118,1.125666975975037,3.5,83.099998,88.300003,97.300003,133.39999,191.5,4.5,3.2
Portugal,PRT,25,0,2005,10,7.376319024041908,1.430305123329163,1.224315524101257,1.061878323554993,4,84.099998,89.300003,97.300003,133.39999,191.5,3.5999999,3.2
Portugal,PRT,25,0,2006,10,7.469892739894069,1.232661724090576,.9752674698829651,1.009235739707947,4,84.300003,89.599998,97.5,133.39999,191.5,3.5,3.2
Portugal,PRT,25,0,2007,10,7.471175244655569,1.231420636177063,1.003112077713013,1.028802752494812,4,84.300003,89.599998,97.5,133.39999,172,3.5,3.2
Portugal,PRT,25,0,2008,10,7.403436107677578,1.201863884925842,1.011244416236877,1.059230208396912,4,84.199997,89.5,97.5,133.39999,172,3.5,3.2
Portugal,PRT,25,0,2009,10,7.228852934260691,1.128242373466492,1.05841326713562,1.085582971572876,4,84.300003,89.599998,97.5,133.39999,172,3.5,3.4000001
Portugal,PRT,25,0,2010,10,7.284592177281013,1.107203006744385,1.025784134864807,1.062663555145264,4,84.5,90,97.400002,133.39999,143,3.7,3.5999999
Portugal,PRT,25,0,2011,10,7.504480143180698,1.107910513877869,.9963939189910889,1.081251621246338,4,83.699997,89.199997,97,133.39999,135.2,3.5,3.3
Portugal,PRT,25,0,2012,10,7.573995413118662,1.028528332710266,1.036111950874329,.9554477334022522,3.666666746139526,84.300003,89.599998,97.300003,133.39999,123.5,3.5,2.9000001
Portugal,PRT,25,0,2013,10,7.685652422189929,1.066934704780579,1.038563251495361,.9122360944747925,3.5,83.599998,89,97.099998,133.39999,90.300003,3.5,3
Portugal,PRT,25,0,2014,10,7.674189266101858,1.107471108436584,1.11952006816864,.909682035446167,3.541666746139526,83.599998,89,97.099998,133.39999,90.300003,3.5,3
Portugal,PRT,25,0,2015,10,7.638974358325844,1.128696084022522,1.126800775527954,.925335168838501,4,83.400002,89.099998,97.5,173.3,140.3,4.4000001,3.5999999
Spain,ESP,26,0,1992,10,,,,,5,81.400002,89,95.800003,184.89999,148.10001,6.6999998,2.8
Spain,ESP,26,0,1993,10,,,,,5,82.300003,89.199997,95.800003,184.89999,148.10001,6.5999999,2.7
Spain,ESP,26,0,1994,10,,,,,4.416666507720947,82.300003,89.300003,95.800003,184.89999,148.10001,6.5,2.7
Spain,ESP,26,0,1995,10,7.63,,,,3,82.300003,89.300003,95.800003,184.89999,148.10001,6.5,2.7
Spain,ESP,26,0,1996,10,,1.31952691078186,1.435085535049438,1.129211187362671,4.166666507720947,82.199997,89.099998,95.800003,184.89999,148.10001,6.6999998,2.7
Spain,ESP,26,0,1997,10,,,,,5,82.199997,89.099998,95.800003,184.89999,148.10001,6.6999998,2.7
Spain,ESP,26,0,1998,10,,1.299594521522522,1.30619204044342,1.355995535850525,5,82.199997,89.099998,95.800003,184.89999,148.10001,6.6999998,2.7
Spain,ESP,26,0,1999,10,,,,,4.5,82.199997,89.099998,95.800003,184.89999,148.10001,6.6999998,2.7
Spain,ESP,26,0,2000,10,7.84,1.277019858360291,1.407501459121704,1.328282833099365,4,81.5,89,95.800003,184.89999,148.10001,6.6999998,2.8
Spain,ESP,26,0,2001,10,7.817325402185467,,,,3.791666746139526,81.199997,88.900002,95.800003,184.89999,148.10001,6.5999999,2.8
Spain,ESP,26,0,2002,10,7.824701912048847,1.27498733997345,1.228931546211243,1.316825151443481,3.5,81.199997,88.900002,95.800003,184.89999,148.10001,6.5999999,2.8
Spain,ESP,26,0,2003,10,7.92696240500795,1.270559430122375,1.247760772705078,1.348911166191101,3.5,79.300003,87.099998,95.800003,184.89999,148.10001,6.5999999,2.8
Spain,ESP,26,0,2004,10,7.948257291981632,1.323611855506897,1.128972053527832,1.337189078330994,3.791666746139526,80.400002,87.300003,95.800003,184.89999,148.10001,6.9000001,2.5999999
Spain,ESP,26,0,2005,10,7.816747505643795,1.131404399871826,1.117549538612366,1.327615857124329,4,80.699997,87.599998,95.800003,184.89999,148.10001,6.9000001,2.5999999
Spain,ESP,26,0,2006,10,7.767034261871862,1.078724980354309,1.119876861572266,1.17766547203064,4,80.5,87.199997,95.800003,184.89999,148.10001,6.9000001,2.5999999
Spain,ESP,26,0,2007,10,7.752226333525398,1.12308669090271,1.153809785842896,1.079032421112061,4,80.599998,87.300003,95.800003,184.89999,148.10001,6.9000001,2.5999999
Spain,ESP,26,0,2008,10,7.699068317558144,1.185325622558594,1.183748126029968,1.17877197265625,4,82,88.599998,95.800003,184.89999,148.10001,7.1999998,2.5999999
Spain,ESP,26,0,2009,10,7.525094988663485,1.176986217498779,1.156002283096313,1.054948091506958,4,82.300003,88.900002,95.800003,184.89999,148.10001,7.3000002,2.5999999
Spain,ESP,26,0,2010,10,7.64660924308396,1.122542858123779,1.156788110733032,1.160037040710449,4,82.400002,89.099998,95.800003,184.89999,148.10001,5.5999999,2.8
Spain,ESP,26,0,2011,10,7.755149103471067,1.08586597442627,1.169378399848938,1.163212418556213,4,82.099998,89,95.800003,184.89999,148.10001,5.5,3
Spain,ESP,26,0,2012,10,7.623321106154918,1.064178824424744,1.037798285484314,1.170406341552734,4,80.5,88.800003,94.800003,184.89999,148.10001,5.1999998,5.0999999
Spain,ESP,26,0,2013,10,7.610968736355251,.9888705611228943,1.025291919708252,.9269976019859314,4,78.199997,87,93.300003,184.89999,122.2,5.5999999,5.4000001
Spain,ESP,26,0,2014,10,7.690688301289012,.9937500357627869,.9665223956108093,.689561665058136,3.958333253860474,78.199997,87.099998,93.099998,184.89999,154.60001,5.5999999,5.4000001
Spain,ESP,26,0,2015,10,7.765786307543911,1.044849038124084,.9104846715927124,.6628476977348328,3.5,76.300003,85.5,90.199997,184.89999,154.60001,5.5999999,5.1999998
Sweden,SWE,27,0,1992,10,,,,,6,88.300003,91.599998,97.699997,311,213.89999,2.5999999,2
Sweden,SWE,27,0,1993,10,,,,,6,88.300003,91.599998,97.599998,311,213.89999,2.5999999,2
Sweden,SWE,27,0,1994,10,,,,,6,88.300003,91.5,97.599998,311,213.89999,2.8,2
Sweden,SWE,27,0,1995,10,7.6,,,,6,88.300003,91.5,97.599998,311,213.89999,3.0999999,2
Sweden,SWE,27,0,1996,10,,1.518390655517578,1.79586124420166,2.173986196517944,6,88.300003,91.5,97.599998,311,213.89999,3.4000001,2
Sweden,SWE,27,0,1997,10,,,,,6,88.300003,91.5,97.599998,311,213.89999,3.4000001,2
Sweden,SWE,27,0,1998,10,,1.536840677261353,1.75143575668335,2.16930365562439,6,88.199997,91.400002,97.599998,311,213.89999,3.3,2
Sweden,SWE,27,0,1999,10,,,,,6,88,91.199997,97.5,311,213.89999,3.2,2
Sweden,SWE,27,0,2000,10,7.83,1.573288559913635,1.8001868724823,2.225827932357788,6,88,91.199997,97.5,311,213.89999,3.2,2
Sweden,SWE,27,0,2001,10,7.656987864874776,,,,5.916666507720947,88,91.199997,97.5,311,213.89999,3.2,2
Sweden,SWE,27,0,2002,10,7.734330314561225,1.507783889770508,1.84246826171875,2.200397491455078,5.5,88.199997,91.400002,97.5,311,213.89999,3.0999999,2
Sweden,SWE,27,0,2003,10,7.739932100063856,1.54860532283783,1.886711001396179,2.147883653640747,5.5,88.5,91.699997,97.5,311,213.89999,3.0999999,2
Sweden,SWE,27,0,2004,10,7.72608403940913,1.73924720287323,1.872562289237976,2.132647514343262,5,88.5,91.699997,97.5,311,213.89999,3.0999999,2
Sweden,SWE,27,0,2005,10,7.694063814665396,1.58447277545929,1.797751307487488,2.012797594070435,5,88.5,91.699997,97.5,311,213.89999,3.0999999,2
Sweden,SWE,27,0,2006,10,7.647275257594835,1.485718250274658,1.851176381111145,2.186323404312134,5,88.800003,91.900002,97.5,271.89999,213.89999,3.0999999,2.0999999
Sweden,SWE,27,0,2007,10,7.642312731968245,1.510136127471924,1.891827821731567,2.233975648880005,5,89.199997,92.300003,97.5,271.89999,213.89999,2.9000001,2.0999999
Sweden,SWE,27,0,2008,10,7.618682729676229,1.520166635513306,1.919156789779663,2.211410760879517,5,89.199997,92.300003,97.5,271.89999,213.89999,2.9000001,2.0999999
Sweden,SWE,27,0,2009,10,7.635023166202977,1.546038389205933,1.958281636238098,2.242695569992065,5,89.199997,92.300003,97.5,271.89999,213.89999,2.9000001,2.0999999
Sweden,SWE,27,0,2010,10,7.813970558217065,1.542725920677185,1.930308818817139,2.219725847244263,5,89.199997,92.199997,97.400002,271.89999,213.89999,2.9000001,2
Sweden,SWE,27,0,2011,10,7.790541219034679,1.612955451011658,1.918036580085754,2.168036460876465,5,89,92.099998,97.199997,271.89999,213.89999,2.9000001,2
Sweden,SWE,27,0,2012,10,7.771770624192105,1.69035804271698,1.928277611732483,2.277120590209961,5.333333492279053,89.400002,92.199997,97.599998,271.89999,213.89999,2.9000001,1.7
Sweden,SWE,27,0,2013,10,7.754848972738051,1.65811014175415,1.950551629066467,2.23930025100708,5.5,89.599998,92.400002,97.599998,271.89999,267.79999,3.5999999,1.6
Sweden,SWE,27,0,2014,10,7.852529756916416,1.611119270324707,1.975172400474548,2.111042976379395,5.5,89.300003,92.099998,97.599998,271.89999,267.79999,3.7,1.6
Sweden,SWE,27,0,2015,10,7.869676944903572,1.565330386161804,2.019405603408813,2.185940980911255,5.5,89,92.099998,97.599998,271.89999,267.79999,3.8,1.4
Thailand,THA,28,0,1992,9,,,,,3,20.6,27.799999,64.400002,-82.400002,29.5,91.699997,36.799999
Thailand,THA,28,0,1993,9,,,,,3,32.099998,43,72.099998,-82.400002,29.5,87.599998,34.5
Thailand,THA,28,0,1994,9,,,,,3,32.200001,43,72.599998,-82.400002,29.5,87.599998,34.5
Thailand,THA,28,0,1995,9,7.27,,,,3,32.599998,43.799999,72.599998,-82.400002,29.5,87.300003,34.5
Thailand,THA,28,0,1996,9,,.3106590211391449,.539628803730011,-.3611920475959778,3,29.299999,41.700001,72.599998,-82.400002,29.5,87,35.900002
Thailand,THA,28,0,1997,9,,,,,2.916666746139526,35.900002,48.900002,73,-82.400002,-3.5999999,81.599998,26.299999
Thailand,THA,28,0,1998,9,,.3824736773967743,.5093353986740112,-.1410357058048248,2,39.599998,52,73,-82.400002,-3.5999999,82.300003,23.1
Thailand,THA,28,0,1999,9,,,,,2.5,39.799999,52,73,-82.400002,-3.5999999,82.300003,23.1
Thailand,THA,28,0,2000,9,6.48,.4678029417991638,.5790180563926697,-.2301744669675827,2.25,40.099998,51.5,70.099998,-45.299999,-3.5999999,77.599998,22.5
Thailand,THA,28,0,2001,9,6.515417272759601,,,,1.666666626930237,42,56,69.300003,-45.299999,-3.5999999,57.5,22.4
Thailand,THA,28,0,2002,9,6.604580505243312,.3215166330337524,.3869229853153229,-.338848352432251,1.5,41.799999,55.400002,69.300003,-45.299999,-42.900002,57.299999,20.799999
Thailand,THA,28,0,2003,9,6.706141746739604,.2182410955429077,.1537111550569534,-.196023553609848,1.5,40.5,55.200001,69.300003,-45.299999,-42.900002,57.299999,24.1
Thailand,THA,28,0,2004,9,6.709730599895951,.1265832781791687,.06238729134202,-.2461322396993637,1.5,40,54.900002,69.300003,-45.299999,-42.900002,57.299999,24.1
Thailand,THA,28,0,2005,9,6.584472333888018,-.0982957854866982,-.0075570750050247,-.2064328342676163,1.5,37.799999,52.599998,67.5,-45.299999,-42.900002,61.700001,24.1
Thailand,THA,28,0,2006,-5,6.678255173612091,-.7391939759254456,-.0693550705909729,-.4134303033351898,1.5,17.700001,24,61.799999,-45.299999,-104,61.599998,38.200001
Thailand,THA,28,0,2007,-1,6.696757530688314,-.5625023245811462,-.137440487742424,-.4001723229885101,1.5,18.700001,18.799999,54.400002,-45.299999,-60.099998,60.700001,29.4
Thailand,THA,28,0,2008,4,6.748150910213605,-.5296669006347656,-.1597404181957245,-.440627247095108,1.708333373069763,34.900002,41.200001,60.299999,-45.299999,-158.2,57.5,16.1
Thailand,THA,28,0,2009,4,6.586066623884525,-.4558785259723663,-.2600526511669159,-.3320132791996002,2,34.799999,42.400002,60.900002,-45.299999,-152.89999,57.900002,19.5
Thailand,THA,28,0,2010,4,6.549948795790142,-.4958215057849884,-.2336226254701614,-.3603394627571106,2,33.900002,42.099998,61.200001,-45.299999,-152.89999,57.099998,23
Thailand,THA,28,0,2011,7,6.53189794371342,-.4051817059516907,-.2297525256872177,-.3532440364360809,2,38.299999,46.900002,63,-45.299999,-152.89999,59.099998,16.299999
Thailand,THA,28,0,2012,7,6.508373132479742,-.3211411535739899,-.1723691076040268,-.3974040746688843,2,41.200001,50.200001,66.099998,-45.299999,-152.89999,59.799999,13.5
Thailand,THA,28,0,2013,7,6.52940058101913,-.4299257695674896,-.1390152126550674,-.3724763989448547,2,35.400002,44,60,-47.099998,-152.89999,63.400002,14.2
Thailand,THA,28,0,2014,-3,6.496991792411499,-.874775230884552,-.2202520817518234,-.4805199801921844,2,11.5,15.3,27.799999,-59.599998,16,51.799999,60.599998
Thailand,THA,28,0,2015,-3,6.719558562252764,-.9690980315208435,-.1680655479431152,-.5324541330337524,2,10.3,14.7,27.9,-59.599998,3.3,49.099998,55.799999
Turkey,TUR,29,0,1992,9,,,,,4,38.099998,54.299999,63.5,40.099998,-75.400002,35.900002,22.6
Turkey,TUR,29,0,1993,8,,,,,4,37.900002,53.900002,63.5,40.099998,-75.400002,35.900002,22.6
Turkey,TUR,29,0,1994,8,,,,,4,37.900002,54.299999,63.900002,40.099998,-75.400002,35.900002,22.6
Turkey,TUR,29,0,1995,8,6.06,,,,3.666666746139526,38.400002,55,63.900002,40.099998,-75.400002,35.900002,22.6
Turkey,TUR,29,0,1996,8,,-.1297603100538254,-.1387947797775269,-.1480735242366791,2,39.099998,55.900002,63.799999,40.099998,-109.5,35.5,20.9
Turkey,TUR,29,0,1997,7,,,,,2,40.400002,55.799999,62.900002,40.099998,-109.5,35.5,16.6
Turkey,TUR,29,0,1998,7,,-.6159340739250183,-.0995105654001236,-.3540776371955872,2,40,55.400002,62.900002,40.099998,-109.5,27.200001,17.200001
Turkey,TUR,29,0,1999,7,,,,,2,42.700001,58.700001,67.5,40.099998,-109.5,32.299999,17.200001
Turkey,TUR,29,0,2000,7,5.77,-.2891997694969177,-.0709462091326714,-.2580799460411072,2.583333253860474,44.5,60.599998,70.800003,58.099998,-79.300003,37,17.200001
Turkey,TUR,29,0,2001,7,5.689192529022152,,,,2.833333253860474,44.400002,60.5,71.099998,58.099998,-79.300003,37,16.700001
Turkey,TUR,29,0,2002,7,5.940821865745916,-.2195705324411392,-.0821832045912743,-.5701287388801575,2,50.200001,65.099998,77.099998,-36.700001,-153.10001,33.299999,13.7
Turkey,TUR,29,0,2003,7,6.230970808726878,-.0332707948982716,.1030395850539207,-.2091183960437775,2.333333253860474,51.5,66.5,77.599998,-36.700001,-153.10001,32,15
Turkey,TUR,29,0,2004,7,6.320612621887196,.0132019305601716,.0846992805600166,-.1919043958187103,2.5,52,67.699997,78.199997,-36.700001,-153.10001,32,14.7
Turkey,TUR,29,0,2005,7,6.369364403516343,.0002337567129871,.1174685508012772,-.0352728292346001,2.5,50.5,66.400002,75.199997,-36.700001,-59.900002,32,14.7
Turkey,TUR,29,0,2006,7,6.396282417064343,-.0640953183174133,-.0033743218518794,.0266746040433645,2.5,50.400002,66.400002,75.199997,-36.700001,-59.900002,33.200001,14.7
Turkey,TUR,29,0,2007,7,6.527246206468165,-.0533245801925659,-.0358059145510197,.1125186234712601,2.5,48.099998,63.200001,74.199997,-40.400002,-59.900002,39.900002,14.8
Turkey,TUR,29,0,2008,7,6.987128890700214,-.0412864089012146,.0228446871042252,.1153255701065063,2.5,42.099998,56.400002,66.300003,-49.599998,-30.200001,53.299999,14.5
Turkey,TUR,29,0,2009,7,6.884658522176255,-.0555260591208935,.0489085502922535,.087655708193779,2.5,41.5,55.099998,64.5,-49.599998,-43.200001,51.900002,14.3
Turkey,TUR,29,0,2010,7,6.9557556240597,-.0848165079951286,.0499801225960255,.0254152249544859,2.5,38,53.099998,57.599998,-56.400002,-50.299999,52.299999,22.4
Turkey,TUR,29,0,2011,9,7.079234583119614,-.1368506997823715,.0154577177017927,.0382425226271152,2.5,37.200001,52.799999,55.900002,-56.400002,-21,53.099998,25.1
Turkey,TUR,29,0,2012,9,7.031005018260489,-.2069335281848907,-.0366085544228554,.1613447815179825,2.5,36.299999,51.900002,55,-62.299999,-71.699997,56.599998,24.9
Turkey,TUR,29,0,2013,9,6.918844425923626,-.2513263821601868,-.0044610784389079,.0917898043990135,2.5,30.4,47.099998,45.799999,-66.099998,-198.39999,56.299999,29.6
Turkey,TUR,29,0,2014,3,6.947838316295579,-.338407427072525,-.0758084133267403,-.134037971496582,2.041666746139526,26.299999,42.299999,37.599998,-74.599998,-217.2,55.900002,38.200001
Turkey,TUR,29,0,2015,3,6.939686377304064,-.3677098155021667,-.2129001021385193,-.1355012506246567,2.5,23.700001,37.799999,35.299999,-76.099998,-220.8,55.299999,39.299999
United Kingdom,GBR,30,0,1992,10,,,,,5,75.300003,82.300003,92,207.3,57.700001,8,8.1000004
United Kingdom,GBR,30,0,1993,10,,,,,5,75.800003,82.400002,92,207.3,57.700001,7.9000001,8.1000004
United Kingdom,GBR,30,0,1994,10,,,,,5,76.099998,82.400002,92,207.3,57.700001,7.9000001,8
United Kingdom,GBR,30,0,1995,10,8.35,,,,5,76.099998,82.400002,92,207.3,57.700001,7.9000001,8
United Kingdom,GBR,30,0,1996,10,,1.272319436073303,1.628734350204468,1.980518937110901,4.75,76.099998,82.400002,92,207.3,57.700001,7.9000001,8
United Kingdom,GBR,30,0,1997,10,,,,,4.666666507720947,75.400002,81.699997,92,207.3,57.700001,9,8
United Kingdom,GBR,30,0,1998,10,,1.195276618003845,1.733099102973938,2.052521228790283,5,76,82,92,207.3,137.7,9.8000002,7.4000001
United Kingdom,GBR,30,0,1999,10,,,,,5,78.300003,84.300003,94.900002,207.3,137.7,9.8000002,7.4000001
United Kingdom,GBR,30,0,2000,10,8.5,1.323269844055176,1.667143583297729,2.072457313537598,5,79.699997,85.699997,95.900002,207.3,137.7,9.8000002,5.9000001
United Kingdom,GBR,30,0,2001,10,8.420870635946729,,,,4.916666507720947,80.199997,86.5,96.400002,207.3,137.7,9.8999996,5.9000001
United Kingdom,GBR,30,0,2002,10,8.47166452615167,1.283422589302063,1.651892304420471,2.002636671066284,4.5,80.300003,86.400002,96.099998,207.3,137.7,10,5.8000002
United Kingdom,GBR,30,0,2003,10,8.460809887822155,1.33304226398468,1.667399525642395,1.982953906059265,4.5,80.300003,86.400002,96.099998,207.3,137.7,10,5.8000002
United Kingdom,GBR,30,0,2004,10,8.370590059349812,1.597445845603943,1.607600212097168,1.910911679267883,4.5,80.300003,86.400002,96.099998,207.3,137.7,10,5.8000002
United Kingdom,GBR,30,0,2005,10,8.348741727305299,1.44395637512207,1.558161020278931,1.891479849815369,4.5,80.5,86.699997,96.099998,207.3,137.7,9.5,5.8000002
United Kingdom,GBR,30,0,2006,10,8.308001180565348,1.37877368927002,1.77239453792572,1.782940268516541,4.291666507720947,80.900002,87,96.599998,207.3,137.7,9.1999998,5.8000002
United Kingdom,GBR,30,0,2007,10,8.251823958708925,1.335596442222595,1.720192193984985,1.732870221138,4,81,87,96.599998,207.3,137.7,9.1999998,5.8000002
United Kingdom,GBR,30,0,2008,10,8.13475418966685,1.321022868156433,1.696649432182312,1.668904304504395,4,81,87,96.599998,207.3,137.7,9.1999998,5.8000002
United Kingdom,GBR,30,0,2009,10,8.023449090519911,1.303300499916077,1.731597781181335,1.623889803886414,4,81,87,96.599998,207.3,137.7,9.1999998,5.8000002
United Kingdom,GBR,30,0,2010,10,8.051614637434465,1.28999388217926,1.774692535400391,1.605673909187317,4,80.800003,87,96.199997,207.3,114.2,9.3000002,5.8000002
United Kingdom,GBR,30,0,2011,10,8.037394218569489,1.297411680221558,1.658743739128113,1.614863514900208,4,81,87.099998,96.199997,207.3,114.2,9.6000004,5.9000001
United Kingdom,GBR,30,0,2012,10,8.100649578834382,1.33913254737854,1.729413866996765,1.665460467338562,4.333333492279053,80.599998,87.199997,96.599998,207.3,122.6,9.6000004,5.5999999
United Kingdom,GBR,30,0,2013,10,8.014000694128624,1.329037070274353,1.689435243606567,1.718892574310303,4.5,80.199997,86.699997,95.5,207.3,122.6,9.6000004,5.3000002
United Kingdom,GBR,30,0,2014,10,8.069606511985896,1.275816559791565,1.874803423881531,1.746633648872375,4.541666507720947,80.099998,86.699997,95.300003,207.3,122.6,9.6000004,5.1999998
United Kingdom,GBR,30,0,2015,10,8.164949914593485,1.297856092453003,1.799224615097046,1.869610190391541,5,79.5,86,95.300003,207.3,122.6,8.8000002,5.5
Uruguay,URY,31,0,1992,10,,,,,3,76.400002,83.699997,92.400002,100.5,89,9.5,7.0999999
Uruguay,URY,31,0,1993,10,,,,,3,76.400002,83.699997,92.400002,100.5,89,9.5,7.0999999
Uruguay,URY,31,0,1994,10,,,,,3,76.199997,83.699997,92.400002,100.5,89,9.5,7.0999999
Uruguay,URY,31,0,1995,10,6.176121621621622,,,,3,79.199997,86.599998,92.900002,100.5,89,9.8999996,7.0999999
Uruguay,URY,31,0,1996,10,,.829836368560791,.5617708563804626,1.124996304512024,3,79.5,86.599998,92.900002,100.5,89,7.0999999,7.0999999
Uruguay,URY,31,0,1997,10,,,,,3,79.099998,86.599998,92.900002,100.5,48,7.0999999,7.8000002
Uruguay,URY,31,0,1998,10,,.9746595621109009,.6174323558807373,1.075736403465271,3,80.5,87.5,94.599998,100.5,48,7.0999999,7.1999998
Uruguay,URY,31,0,1999,10,,,,,3,80.5,87.5,94.599998,100.5,48,7,7.1999998
Uruguay,URY,31,0,2000,10,7.13,.989812433719635,.5568912625312805,.9574071168899536,3,80.099998,87.5,95.199997,100.5,48,6.4000001,8.1000004
Uruguay,URY,31,0,2001,10,7.114915805635844,,,,3,80.599998,87.5,95.199997,100.5,48,6.4000001,6.8000002
Uruguay,URY,31,0,2002,10,7.263495680447321,1.054346561431885,.6742927432060242,.9457432627677917,3,80.599998,87.5,95.199997,100.5,48,6.4000001,6.8000002
Uruguay,URY,31,0,2003,10,7.061299974860873,.9925182461738586,.6565163731575012,1.101403474807739,3,79.199997,87.5,95.199997,100.5,48,6.4000001,9.6000004
Uruguay,URY,31,0,2004,10,7.194635244378324,.8427104949951172,.4563705027103424,.8940584063529968,3,80.699997,87.599998,95.199997,100.5,48,6.5,6.4000001
Uruguay,URY,31,0,2005,10,7.191004200778146,.8857376575469971,.4588495790958405,1.08176851272583,3,81.699997,89,97,100.5,131.5,5.0999999,5.1999998
Uruguay,URY,31,0,2006,10,7.114049691795432,1.030710816383362,.5515473484992981,1.130043506622314,3,81.900002,89.099998,97.199997,100.5,131.5,5.0999999,5.1999998
Uruguay,URY,31,0,2007,10,7.14408062707668,1.045522689819336,.6007047891616821,1.280935764312744,3,81.900002,89.099998,97.199997,100.5,131.5,5.0999999,5.1999998
Uruguay,URY,31,0,2008,10,7.17619155869415,1.06214451789856,.6136645078659058,1.345951676368713,3,81.900002,89.099998,97.199997,100.5,127.6,5.0999999,5.4000001
Uruguay,URY,31,0,2009,10,7.233799601382268,1.105794072151184,.7557747364044189,1.250004291534424,3,82.099998,89.300003,97.199997,100.5,127.6,5,5.4000001
Uruguay,URY,31,0,2010,10,7.420051541972219,1.146545171737671,.7867906093597412,1.297701478004456,3.375,83.400002,90.800003,97.400002,100.5,89.5,4.5,6
Uruguay,URY,31,0,2011,10,7.454750759248604,1.121431469917297,.731594443321228,1.28997790813446,3.5,83.300003,90.800003,97.400002,100.5,89.5,4.5,6
Uruguay,URY,31,0,2012,10,7.439744695697025,1.060966730117798,.6146886944770813,1.378116846084595,3.833333253860474,83.300003,90.800003,97.400002,100.5,89.5,4.5,6
Uruguay,URY,31,0,2013,10,7.343791140728468,1.085263252258301,.5768356919288635,1.397212505340576,4,82.800003,90.599998,97,100.5,89.400002,4.5,5.6999998
Uruguay,URY,31,0,2014,10,7.233049151803091,1.10788881778717,.7619163393974304,1.388391733169556,4.041666507720947,82.900002,90.5,97,100.5,88.699997,4.5,5.6999998
Uruguay,URY,31,0,2015,10,7.255544978284526,1.14342188835144,.7618516087532043,1.335892081260681,4.5,81.599998,89.300003,97.099998,100.5,97,3.5999999,5.6999998
